"artist","playlists","related"
"Adele","Tops 1,Top 100 Tracks 2012,Top 100 Rock Songs of 2012,Top 100 Tracks 2011,Music's Top 100 ICONS!","Amy Winehouse,Alicia Keys,Duffy,Sara Bareilles,The Raconteurs,Emeli Sandé,Leona Lewis,Whitney Houston,Colbie Caillat,Katie Melua,Aretha Franklin,Tracy Chapman,A Fine Frenzy,Sarah McLachlan,Imogen Heap,Michael Kiwanuka,KHarlles,Adele,Demi Lovato,Evanescence,Ana Carolina,Maroon 5,Jessie J,Red Hot Chili Peppers,Avril Lavigne,Jack Johnson,Coldplay,The Beatles,Glee,Beyoncé,O Melhor de Adele,Hits - Antigos, mas nem tanto,Romântico,Love Mixtape,Heartbreak,Retrospectiva 2016"
"Aerosmith","Top 100 - Baladinhas,Tops,Outside the Top 40: 1976,Music's Top 100 ICONS!","Led Zeppelin,Scorpions,AC/DC,Pink Floyd,Queen,Creed,Pearl Jam,Bon Jovi,Iron Maiden,Guns N' Roses,Nirvana,Metallica,blink-182,Oasis,Avenged Sevenfold,Foo Fighters,Nickelback,The Beatles,Green Day,U2,Jimi Hendrix,Janis Joplin,Deep Purple,The Doors,Black Sabbath,Ramones,Kiss,Rolling Stones,Ozzy Osbourne,Aerosmith,Romântico,Rock - Das Raízes ao Progressivo,Heavy Metal,Pop Rock,Para Viajar,Hits Anos 90"
"Africando","Salsa Top 100","Sertanejo Hits,Gospel,Vagalume Vibe,Romântico,Pop,Sertanejo Sofrência"
"Albita","Salsa Top 100","Mocedades,Ibrahim Ferrer,Chayanne,Quase Anjos/Casi Angeles,Barbra Streisand,Gloria Estefan,Thalía,Sade,Ministério Trazendo A Arca,Jorge e Mateus,RBD,Pink Floyd,Black Eyed Peas,Glee,Jaime Roos,Nino Bravo,Jeanette,Jose Luis Perales,Pandora,Luis Miguel,Chapa C,Whitney Houston,ABBA,James Blunt,Roberto Carlos,Charlie Brown Jr,Omara Portuondo,Compay Segundo,Buena Vista Social Club,Celia Cruz,Latina,Grammy 2017,Flashback,Sertanejo Hits,O Melhor de Pink Floyd,Monday"
"Aliados","Tops","Strike,Forfun,Scracho,ConeCrewDiretoria,CPM 22,Armandinho,Projota,Turma do Pagode,Fresno,Natiruts,Avenged Sevenfold,Nx Zero,Capital Inicial,Red Hot Chili Peppers,Legião Urbana,Fernando e Sorocaba,ExaltaSamba,Sorriso Maroto,Avril Lavigne,Coldplay,Dance of Days,Hevo84,Cine,blink-182,Restart,Detonautas,Bonde da Stronda,Simple Plan,Manu Gavassi,Pitty,Rap Nacional,Nostalgia (anos 2000),Festa de Ano Novo,todateen,MTV MIAW 2018,Sertanejo Hits"
"Alok","Tops 1","Top 50 Brasil,Música Eletrônica Brasileira,Pop Nacional,Férias,Lançamentos,Retrospectiva 2016"
"Alpine","Top 100 Bands Of 2012","Sertanejo Hits,Vagalume Vibe,Para Trabalhar,Pop,Gospel,Lançamentos"
"Alvvays","NME's Top 50 Tracks of 2014","Indie Pop,Sertanejo Hits,Vagalume Vibe,Pop,Para Trabalhar,Lançamentos"
"Ambrosia","Outside the Top 40: 1975,Outside the Top 40: 1976","Carole King,Air Supply,Bryan Adams,Elton John,Bee Gees,Marisa Monte,Adele,Carly Simon,James Taylor,Amy Winehouse,Céline Dion,Avenged Sevenfold,The Beatles,Coldplay,David Guetta,Beyoncé,Legião Urbana,Glee,Rihanna,Paula Fernandes,Jorge e Mateus,Katy Perry,Bruno Mars,Bonnie Tyler,Toni Braxton,Lionel Richie,A-Ha,Phil Collins,Cyndi Lauper,ABBA,Flashback,Romântico,Hits Anos 80,Rock Ballads,Sertanejo Hits,Vagalume Vibe"
"America","Outside the Top 40: 1975,Outside the Top 40: 1976","Bee Gees,Creedence Clearwater Revival,Pink Floyd,Queen,Aerosmith,AC/DC,The Beatles,Bon Jovi,Guns N' Roses,Coldplay,Red Hot Chili Peppers,Adele,Bruno Mars,Lionel Richie,Air Supply,ABBA,A-Ha,Phil Collins,Elton John,Bryan Adams,Elvis Presley,Céline Dion,Roxette,Scorpions,Michael Jackson,U2,Legião Urbana,Beyoncé,John Fogerty,Deep Purple,Flashback,Romântico,Disco,Rock - De Bowie ao século 21,Músicas que fizeram história,Velha Guarda e Outras Bossas"
"Angel","Top 100 Bands Of 2012","Boyz II Men,Kenny Rogers,Alborosie,Daddy Yankee,Wisin Y Yandel,Chapa C,Kenny G,Tihuana,Yes,Enya,Conrado e Aleksandro,Boyce Avenue,Paula Fernandes,Carla Bruni,Beyoncé,Kelly Clarkson,Enrique Iglesias,Van Halen,The Beatles,Pink Floyd,K-Ci & Jojo,Brian Mcknight,Whitney Houston,Backstreet Boys,Bryan Adams,Alicia Keys,Mariah Carey,Céline Dion,Usher,Michael Jackson,Heartbreak,R&B,Rock Clássico,Músicas que fizeram história,Latina,Sertanejo Hits"
"Anitta","Tops","Priscila Nocetti,Mc Pocahontas,Mc Duduzinho,Mc K9,Naldo,Mc Menorzinha,Grupo Tá Na Mente,Mc Marcelly,Thiaguinho,Mc Luan,ConeCrewDiretoria,Rodriguinho,Bom Gosto,Nosso Sentimento,Gaiola Das Popozudas,Os Hawaianos,Mr. Catra,Bonde da Stronda,Anitta,Rebeldes,Turma do Pagode,Bruna Karla,Manu Gavassi,Belo,MC Sabrina,Leandro e As Abusadas,Perlla,Mulher Filé,Top 50 Brasil,Funk,Pop Nacional,Férias,Lançamentos,Latina"
"Architects","Metal Top 40","Sleeping Giant,Dance Gavin Dance,Close Your Eyes,Thrice,Nas,Anti-Flag,Four Year Strong,August Burns Red,Attack Attack!,Parkway Drive,Hollywood Undead,The Devil Wears Prada,Children Of Bodom,Alexisonfire,Skrillex,Blessthefall,Asking Alexandria,Bring Me The Horizon,The Used,Escape The Fate,Architects,Akissforjersey,Antidemon,For Today,Udora,Mastodon,Pillar,MxPx,As I Lay Dying,Demon Hunter,Rap e Hip Hop,Eletrônica,Punk Pop,Sertanejo Hits,Gospel,Vagalume Vibe"
"Argent","Outside the Top 40: 1971,Outside the Top 40: 1972","Partridge Family,The Allman Brothers Band,The Animals,Bruce Springsteen,Led Zeppelin,Rolling Stones,Bob Dylan,Creedence Clearwater Revival,The Who,Kiss,Guns N' Roses,Aerosmith,The Beatles,Glee,David Cassidy,Tony Orlando and Dawn,Kevin Ayers,Herman's Hermits,HB,Liza Minnelli,The Monkees,Paul Anka,The Archies,The Mamas And The Papas,Peter Frampton,Mamma Mia,RBD,Paula Fernandes,Katy Perry,Bruno Mars,Rock Clássico,Músicas que fizeram história,Flashback,Hits Anos 80,Sertanejo Hits,Vagalume Vibe"
"Audience","Outside the Top 40: 1971",""
"autolaser","Top 100 Future Bass Tracks On Spotify",""
"Avicii","Top 100 Tracks 2013,Top 100 Tracks 2012,Top 100 Tracks 2014","Above & Beyond,Alexandra Stan,Tiësto,Armin Van Buuren,Tiko's Groove,Cobra Starship,Martin Solveig,Swedish House Mafia,Flo Rida,LMFAO,Humberto e Ronaldo,Adele,Chris Brown,Pitbull,David Guetta,Maroon 5,Linkin Park,Coldplay,Black Eyed Peas,Red Hot Chili Peppers,Markus Schulz,Aly & Fila,Dj Shah,Dash Berlin,Nic Chagall,Josh Gabriel,Paul Van Dyk,Fedde Le Grand,Skrillex,deadmau5,Hits - Antigos, mas nem tanto,Festa de Formatura,Para Trabalhar,Para Viajar,Festa de Ano Novo 2017,Adrenalina"
"AVICII","Tops","Above & Beyond,Alexandra Stan,Tiësto,Armin Van Buuren,Tiko's Groove,Cobra Starship,Martin Solveig,Swedish House Mafia,Flo Rida,LMFAO,Humberto e Ronaldo,Adele,Chris Brown,Pitbull,David Guetta,Maroon 5,Linkin Park,Coldplay,Black Eyed Peas,Red Hot Chili Peppers,Markus Schulz,Aly & Fila,Dj Shah,Dash Berlin,Nic Chagall,Josh Gabriel,Paul Van Dyk,Fedde Le Grand,Skrillex,deadmau5,Hits - Antigos, mas nem tanto,Festa de Formatura,Para Trabalhar,Para Viajar,Festa de Ano Novo 2017,Adrenalina"
"AWOLNATION","Top 100 Rock Songs of 2012","Foster The People,Florence And The Machine,Bruno Mars,Katy Perry,Adele,Rihanna,David Guetta,Avenged Sevenfold,Maroon 5,Avril Lavigne,Linkin Park,Foo Fighters,Coldplay,Red Hot Chili Peppers,AVICII,The Naked and Famous,Young The Giant,Two Door Cinema Club,Peter Bjorn And John,Slow Club,Electric Guest,Mark Foster,MGMT,Lana Del Rey,The Wanted,Dev,Jason Derulo,Nicki Minaj,blink-182,The Kooks,Adrenalina,Vagalume Vibe,Indie,Indie Pop,Para Trabalhar,Pop Rock"
"Ayreon","Metal Top 40","Aina,Porcupine Tree,Pain of Salvation,Stratovarius,Jefferson Airplane,Avantasia,Rhapsody of Fire,Kamelot,Blind Guardian,Sonata Arctica,Dream Theater,Helloween,Angra,Nightwish,The Doors,Kiss,Rammstein,Pink Floyd,Iron Maiden,Queen,Mayan,Sentenced,Michael Kiske,Opeth,Ayreon,André Matos,Lacuna Coil,Edguy,Shaman,Within Temptation,Heavy Metal,Músicas que fizeram história,Rock Clássico,#Deprê,Rock Ballads,Sertanejo Hits"
"Baauer","Top 100 Tracks 2013","Músicas Virais,Sertanejo Hits,Vagalume Vibe,Pop,Para Trabalhar,Gospel"
"BABYMETAL","Metal Top 40","Sertanejo Hits,Vagalume Vibe,Para Trabalhar,Pop,Gospel,Lançamentos"
"Badfinger","Outside the Top 40: 1974,Top 100 under 3-minute songs","The Hollies,Bread,George Harrison,David Bowie,Paul McCartney,The Who,Creedence Clearwater Revival,Rolling Stones,Bob Dylan,Bee Gees,Led Zeppelin,Nirvana,Queen,Roberto Carlos,AC/DC,The Beatles,Pink Floyd,Aerosmith,Adele,Herman's Hermits,Don McLean,The Kinks,Elton John,John Lennon,Elvis Presley,The Carpenters,Air Supply,Bryan Adams,Michael Jackson,Coldplay,Power Pop,Músicas que fizeram história,Flashback,Rock Clássico,Rock - Das Raízes ao Progressivo,Velha Guarda e Outras Bossas"
"Bahamas","Best of 2012 (Top 100+)","Sertanejo Hits,Vagalume Vibe,Para Trabalhar,Gospel,Pop,Lançamentos"
"Bang","Outside the Top 40: 1972","Plumb,Kaskade,Beyoncé,Adele,Rebeldes,Jason Walker,Within Temptation,OneRepublic,The Fray,Evanescence,Lifehouse,Demi Lovato,Glee,Nickelback,Taylor Swift,Paramore,Avril Lavigne,Linkin Park,Coldplay,Rihanna,Britney Spears,Katy Perry,Lady Gaga,Marcus Collins,Romeo Santos,Laura Marling,Drake,Foster The People,Eric Saade,Sean Paul,Deep House Mix,Eletrônica,Love Mixtape,Heartbreak,Músicas que fizeram história,Latina"
"Banks","The Top 100 Remixes of 2013","AlunaGeorge,Disclosure,Oh Wonder,Purity Ring,La Roux,Banks,MØ,Clean Bandit,Eletrônica,Vagalume Vibe,Indie Pop,Pop,Sertanejo Hits,Breeze"
"Barcelona","Best of 2012 (Top 100+)","Jason Walker,OneRepublic,The Fray,John Mayer,Adele,Coldplay,Glee,Lifehouse,Lady Gaga,Katy Perry,Taylor Swift,Miley Cyrus,Paramore,Rihanna,Beyoncé,Avril Lavigne,Bruno Mars,Ron Pope,He Is We,Jason Mraz,Simple Plan,Demi Lovato,Linkin Park,Evanescence,Maroon 5,Colbie Caillat,Nickelback,Avenged Sevenfold,Jessie J,Timbaland,Light,Covers,Férias,Heartbreak,Lançamentos,Festa de Formatura"
"Barrabas","Outside the Top 40: 1975","Gerson Rufino,The Beatles,Bee Gees,Creedence Clearwater Revival,Adele,Elias Silva,Marcos Antonio,Alice Maciel,Daniel e Samuel,Suellen Lima,J. Neto,Eliane Silva,Mara Lima,Rayssa e Ravel,Beatriz Andrade,Elaine Martins,Andréa Fontes,Mattos Nascimento,Nani Azevedo,Vanilda Bordieri,Voz da Verdade,Shirley Carvalhaes,Lauriete,Lázaro,Elaine de Jesus,John Lennon,Paul McCartney,George Harrison,Ringo Starr,Rolling Stones,Experimental,Romântico,Covers,Heartbreak,Rock - Das Raízes ao Progressivo,Músicas que fizeram história"
"Bastille","Top 100 Tracks 2013,Top 100 Tracks 2014","To Kill a King,Ella Eyre,Imagine Dragons,Ritz,Bastille,Egyptian,Outasight,Cheryl,The Offspring,Foster The People,Cher Lloyd,Willow Smith,Kylie Minogue,The Wanted,One Direction,Nicki Minaj,He Is We,John Mayer,Demi Lovato,Jason Mraz,Jennifer Lopez,Katy Perry,Colbie Caillat,Pitbull,Jessie J,Shakira,Kaiser Chiefs,The Black Keys,The Kooks,Arctic Monkeys,Hits - Antigos, mas nem tanto,Indie Pop,Vagalume Vibe,Eletrônica,Férias,Lançamentos"
"Beck","Top 100 Tracks 2011,Amazingly Awesome Alternative Top 50,2014 Top 50 Albums by soundofus.com,NPR Music's Top 100 Songs of 2013","Radiohead,Arctic Monkeys,Nirvana,The Strokes,Los Hermanos,Pearl Jam,The Beatles,Oasis,Foo Fighters,Guns N' Roses,Adele,Red Hot Chili Peppers,Glee,Coldplay,Muse,The Killers,Pink Floyd,Metallica,System of a Down,U2,Green Day,Linkin Park,Legião Urbana,Alex Turner,The Last Shadow Puppets,Franz Ferdinand,The Kooks,Ritz,MGMT,Foster The People,Folk,Heartbreak,Pop Rock,Hits Anos 90,Coffee Break,Rock"
"Blackbyrds","Outside the Top 40: 1975,Outside the Top 40: 1976,Outside the Top 40: 1974",""
"Blondie","Top 100 Tracks 2011,Top 100 under 3-minute songs","Deborah Harry,Duran Duran,Ramones,The Smiths,Depeche Mode,Victor e Leo,The Beatles,Fernando e Sorocaba,Coldplay,Gusttavo Lima,Glee,Paula Fernandes,Jorge e Mateus,Lady Gaga,ExaltaSamba,Rihanna,Katy Perry,Luan Santana,Adele,Bruno Mars,Blondie,Paula Abdul,Creedence Clearwater Revival,Led Zeppelin,Guns N' Roses,Tears For Fears,Arcadia,Japan,The Human League,A-Ha,Covers,Disco,Rock - De Bowie ao século 21,Músicas que fizeram história,Rock Ballads,Flashback"
"Bloodstone","Outside the Top 40: 1975,Outside the Top 40: 1976,Outside the Top 40: 1974","Di Boresti,Black Country Communion,Ayria,Funkadelic,Babyface,The Stylistics,Boney M,Maria Gadú,A Rocket To The Moon,The Black Keys,The Beatles,The Killers,Avenged Sevenfold,Marcelo D2,Armandinho,Ozzy Osbourne,Elvis Presley,Radiohead,Michael Jackson,Natiruts,Fino Coletivo,Grupo Nosso Clima,Grupo Pra Valer,Buchecha,Suel,Mc Duduzinho,Anitta,Grupo Tá Na Mente,Mumuzinho,Mc Luan,Classic R&B,Disco,Covers,Heartbreak,Rock - Das Raízes ao Progressivo,Músicas que fizeram história"
"Blur","Top 100 Tracks 2012,Top 100 Tracks 2011,Amazingly Awesome Alternative Top 50,Top 100 under 3-minute songs","Weezer,Radiohead,Gorillaz,Alice In Chains,The Strokes,Arctic Monkeys,blink-182,The Killers,Pearl Jam,Nirvana,Oasis,Pink Floyd,Foo Fighters,AC/DC,Aerosmith,U2,Green Day,The Beatles,Bon Jovi,Metallica,Rivers Cuomo,Snow Patrol,Incubus,My Chemical Romance,Kings Of Leon,Eminem,Jack Johnson,Nickelback,System of a Down,Muse,Breeze,Rock - De Bowie ao século 21,Músicas que fizeram história,Hits Anos 90,Britpop,Rock"
"Bonobo","NPR Music's Top 100 Songs of 2013","Tape Five,Erica Jennings,Télépopmusik,DJ Patife,BossaCucaNova,Marcelinho da Lua,Thievery Corporation,Kaleidoscópio,Miami Horror,Zero7,Air,Fiona Apple,Groove Armada,Massive Attack,Fernanda Porto,Portishead,The XX,Pet Shop Boys,Radiohead,Alicia Keys,Bonobo,Red Hot Chili Peppers,Cazuza,The Human League,Jeff Buckley,Temas de Filmes,Rihanna,Dj Marky,Bob Marley,David Guetta,Chillout Music,Hits Anos 90,R&B,Indie,Flashback,Sertanejo Hits"
"Breton","2014 Top 50 Albums by soundofus.com",""
"Brett","The Top 100 Remixes of 2013",""
"Brothertiger","The Top 100 Remixes of 2013","Sertanejo Hits,Vagalume Vibe,Gospel,Pop,Para Trabalhar,Lançamentos"
"Buhos","Salsa Top 100","Sertanejo Hits,Gospel,Vagalume Vibe,Romântico,Lançamentos,Para Trabalhar"
"Bush","Top 100 Rock Songs of 2012","Noel Gallagher,Chevelle,OK Go,Ed Sheeran,Rise Against,Foster The People,Alice In Chains,Cobra Starship,Incubus,Snow Patrol,Arctic Monkeys,My Chemical Romance,Pearl Jam,blink-182,Oasis,U2,Metallica,Nirvana,Pitbull,Foo Fighters,Beady Eye,Heavy Stereo,Paul Weller,The Verve,Andy Grammer,The Game,The Wanted,Bush,Reeve Carney,Good Charlotte,Hits Anos 90,Chillout Music,Rock,Acústico,Indie,Vagalume Vibe"
"Calexico","Best of 2012 (Top 100+)","Yo La Tengo,Passion Pit,Zero7,Granada,Iron & Wine,Chris Cornell,Band Of Horses,Travis,Nina Simone,Björk,The Strokes,Audioslave,The Beatles,System of a Down,Rage Against The Machine,John Mayer,The Doors,Coldplay,Aerosmith,Glee,Pousatigres,Cold War Kids,Fastball,The Shins,Talking Heads,Air,Belle & Sebastian,White Stripes,Pixies,New Order,Indie,Chillout Music,Coffee Break,Flashback,Monday,Foca no Estudo"
"Camel","Outside the Top 40: 1976","Eloy,Needles,Blackfield,Porcupine Tree,The Egg,Lovage,Klaxons,The Allman Brothers Band,Rainbow,Cream,Yes,Jethro Tull,Genesis,Mutantes,Pixies,Dream Theater,Rush,David Bowie,Deep Purple,Pink Floyd,Robin Trower,Spooky Tooth,Captain Beyond,Camel,Secos e Molhados,Menudo,Survivor,Megadeth,Black Sabbath,Rolling Stones,Indie,Rock Clássico,Hard Rock,Rock Ballads,Rock,Sertanejo Hits"
"Candlebox","Amazingly Awesome Alternative Top 50","Deftones,Erykah Badu,Rancid,Bush,Hole,Stone Temple Pilots,Smashing Pumpkins,The Smiths,Dream Theater,The Cure,Alice In Chains,Silverchair,Eddie Vedder,Bullet For My Valentine,Ramones,Rolling Stones,Pearl Jam,The Strokes,Nirvana,Bob Marley,Breaking Benjamin,Limp Bizkit,Disturbed,Korn,Rage Against The Machine,Marilyn Manson,Papa Roach,Rammstein,Audioslave,Incubus,R&B,Rock - De Bowie ao século 21,Lollapalooza Brasil 2017,Acústico,Rock,Flashback"
"Capsize","Tops 1","Sertanejo Hits,Vagalume Vibe,Pop,Gospel,Para Trabalhar,Lançamentos"
"Caravan","Outside the Top 40: 1975","Gentle Giant,The Yardbirds,King Crimson,Rainbow,Roger Waters,Neil Young,Nina Simone,Jethro Tull,The Kinks,Rush,Van Halen,The Who,Placebo,Dream Theater,Bob Dylan,David Bowie,Zeca Baleiro,Caetano Veloso,Bob Marley,Pink Floyd,Banda Cartoon,Spooky Tooth,Van Der Graaf Generator,Emerson, Lake And Palmer,Frank Zappa,Marillion,Cream,Yes,Genesis,Supertramp,Rock - Das Raízes ao Progressivo,Músicas que fizeram história,Rock Clássico,Rock Ballads,Hard Rock,Sertanejo Hits"
"Caribou","NME's Top 50 Tracks of 2014,2014 Top 50 Albums by soundofus.com","Fujiya & Miyagi,Mundo Cão,Linda Martini,Rita Redshoes,Archive,Delerium,Miles Kane,Black Lips,The Stone Roses,Cut Copy,Metronomy,Alex Turner,Mia Rose,Mazzy Star,The Kills,Pixies,Cat Power,Jimmy Cliff,Arcade Fire,Chiquititas,Men Without Hats,Hot Chip,The Whitest Boy Alive,Insane Clown Posse,DJ Ross,Peter Bjorn And John,Trapt,Gym Class Heroes,Cage The Elephant,Daft Punk,Indie,Rock - De Bowie ao século 21,Músicas que fizeram história,Sertanejo Hits,Gospel,Romântico"
"Carnage","Tops 1","Sertanejo Hits,Vagalume Vibe,Pop,Para Trabalhar,Lançamentos,Gospel"
"Carpenters","Outside the Top 40: 1971,Outside the Top 40: 1976",""
"CAZZETTE","Top 100 Tracks 2013","Sertanejo Hits,Vagalume Vibe,Pop,Para Trabalhar,Gospel,Lançamentos"
"Chairlift","Best of 2012 (Top 100+)","Brandon Flowers,Phoenix,Kate Nash,Death Cab For Cutie,David Bowie,Kaiser Chiefs,Radiohead,The Smiths,Muse,Arctic Monkeys,Audioslave,The Killers,O Teatro Mágico,Amy Winehouse,Glee,The Strokes,Foo Fighters,Coldplay,Chico Buarque,The Beatles,The Kooks,Hoobastank,Snow Patrol,The Fray,Kings Of Leon,My Chemical Romance,3 Doors Down,Oasis,John Mayer,blink-182,Hits - Antigos, mas nem tanto,Músicas para Relaxar,Vagalume Vibe,Indie,Sertanejo Hits,Breeze"
"Chase","Outside the Top 40: 1971,Outside the Top 40: 1972","Simon Says,Modjo,Ice MC,DJ Bobo,Information Society,ExaltaSamba,Rod Stewart,Double You,Zezé Di Camargo e Luciano,Maroon 5,Rihanna,Wanessa Camargo,Guilherme e Santiago,Calcinha Preta,Pearl Jam,Linkin Park,Coldplay,Ace Of Base,Shakira,Katy Perry,Koda Kumi,Joey Ramone,Supernatural (série),Louis Armstrong,Frank Sinatra,Avril Lavigne,Adele,Bruno Mars,Daft Punk,Black Eyed Peas,Eletrônica,Pop Anos 90,Flashback,Acústico,Jazz,Sertanejo Hits"
"Cher","Outside the Top 40: 1974","Kylie Minogue,Christina Aguilera,Whitney Houston,Madonna,Céline Dion,Jessie J,U2,Bon Jovi,Shakira,Glee,Jack Johnson,Colbie Caillat,Jason Mraz,Jennifer Lopez,Pink,Britney Spears,Lady Gaga,Miley Cyrus,Beyoncé,Taylor Swift,Alex Gaudino,Pixie Lott,Dev,LMFAO,Nicki Minaj,Edward Maya,Far East Movement,Taio Cruz,Simple Plan,Pitbull,Pop Anos 90,Covers,Natal,Nostalgia (anos 2000),Pride,Sertanejo Hits"
"Chevelle","Top 100 Rock Songs of 2012","OK Go,Cage The Elephant,Tinchy Stryder,Bush,The Black Keys,Neon Trees,Foster The People,Cher Lloyd,Van Halen,Rise Against,Daughtry,Breaking Benjamin,Arctic Monkeys,The Fray,Three Days Grace,My Chemical Romance,Bob Sinclar,Dev,blink-182,Incubus,Chevelle,The All-American Rejects,Saga Crepúsculo,Muse,Madonna,The Strokes,The Killers,SOJA (Soldiers of Jah Army),Foo Fighters,Band Of Horses,Monday,Vagalume Vibe,Summer,Festa de Ano Novo 2017,Sertanejo Hits,Lançamentos"
"CHIC","Top 888 of the 80's","Earth, Wind And Fire,Boney M,Kool & The Gang,K.C. And The Sunshine Band,Donna Summer,Barry White,Gloria Gaynor,Marvin Gaye,Stevie Wonder,Bee Gees,ABBA,Creedence Clearwater Revival,Elvis Presley,Michael Jackson,The Beatles,Glee,Lionel Richie,Elton John,Coldplay,Adele,Bruno Mars,Modern Talking,Cyndi Lauper,Queen,Lady Gaga,Paula Fernandes,Chic,Air Supply,Phil Collins,Madonna,Classic R&B,Disco,Rock - De Bowie ao século 21,Músicas que fizeram história,Romântico,Sertanejo Hits"
"Chicago","Outside the Top 40: 1971,Outside the Top 40: 1975","Spandau Ballet,Peter Cetera,Foreigner,INXS,Air Supply,Duran Duran,Phil Collins,Lionel Richie,Bee Gees,A-Ha,Elton John,Bryan Adams,Whitney Houston,Céline Dion,Scorpions,Roxette,Michael Jackson,The Beatles,Bon Jovi,Adele,Tony Hadley,The Cars,Chicago,Tears For Fears,Christopher Cross,Chris de Burgh,Toto,Roupa Nova,Coldplay,Paula Fernandes,Romântico,Flashback,Rock Clássico,Rock - De Bowie ao século 21,Hits Anos 80,Sertanejo Hits"
"Chilliwack","Outside the Top 40: 1972,Outside the Top 40: 1974","Circuladô de Fulô,Raul Seixas,Katy Perry,Rihanna,The Killers,Maroon 5,Bon Jovi,Planta & Raiz,Michael Jackson,Chico Buarque,Glee,Bicho de Pé,Forrueiros,Falamansa,Maskavo,Ponto de Equilíbrio,Natiruts,Chimarruts,Armandinho,O Rappa,Turma do Pagode,Maria Gadú,Charlie Brown Jr,Sorriso Maroto,Legião Urbana,ExaltaSamba,Fernando e Sorocaba,Paula Fernandes,Gusttavo Lima,Jorge e Mateus,Forró,Jovem Guarda,Letras Conhecidas (Nacionais),Love Mixtape,Heartbreak,Festa de Formatura"
"Christie","Outside the Top 40: 1971","Marmalade,Bread,Pholhas,Johnny Rivers,Creedence Clearwater Revival,Bee Gees,ABBA,Elton John,Elvis Presley,Rolling Stones,The Beatles,Herman's Hermits,Tom Jones,The Hollies,The Carpenters,Air Supply,Bryan Adams,Michael Jackson,Coldplay,Adele,Paula Fernandes,Bruno Mars,Trepidants,Demis Roussos,Renato e Seus Blue Caps,The Fevers,Rod Stewart,Phil Collins,Roxette,Scorpions,Flashback,Rock Clássico,Músicas que fizeram história,Velha Guarda e Outras Bossas,Sertanejo Hits,Vagalume Vibe"
"CHVRCHES","Top 100 Bands Of 2012,NPR Music's Top 100 Songs of 2013","Festa de Formatura,Vagalume Vibe,Indie,Sertanejo Hits,Pop,Breeze"
"Ciara","NPR Music's Top 100 Songs of 2013","Destiny's Child,Justin Timberlake,50 Cent,The Pussycat Dolls,Nelly,Christina Aguilera,Usher,Ne-yo,Mariah Carey,Akon,Nicki Minaj,Chris Brown,Beyoncé,Jennifer Lopez,Eminem,Shakira,Pink,Black Eyed Peas,Britney Spears,Kesha,Ciara,Alicia Keys,Madonna,Glee,Jessie J,Lady Gaga,David Guetta,Rihanna,Timbaland,*NSYNC,Lançamentos,Sexyback,Nostalgia (anos 2000),R&B,Pop Anos 90,Hits Anos 90"
"Clannad","Top 888 of the 80's","'Til Tuesday,Club 8,Máire Brennan,Reba McEntire,Celtic Woman,Blackmore's Night,Loreena McKennitt,Enigma,Enya,Era,A-Ha,Adele,U2,Queen,Coldplay,Glee,Red Box,Vicious Rumors,Clannad,Felt,Motels,Stevie Nicks,Morrissey,Eurythmics,Rolling Stones,Dire Straits,The Who,The Smiths,Catatonia,Frou Frou,Flashback,Rock - De Bowie ao século 21,Hits Anos 80,Rock Ballads,Acústico,Sertanejo Hits"
"Climax","Outside the Top 40: 1972","The Mamas And The Papas,Israel Lucero,ExaltaSamba,Maná,Roberto Carlos,Roupa Nova,Black Veil Brides,Rebeldes,Johnny Rivers,Simon & Garfunkel,The Carpenters,ABBA,Bob Dylan,Creedence Clearwater Revival,Bee Gees,The Doors,Elton John,Elvis Presley,Rolling Stones,Queen,Pink Floyd,The Beatles,U2,Guns N' Roses,Glee,Coldplay,Adele,Adair Cardoso,Eduardo Costa,Marcos e Belutti,Rock - Das Raízes ao Progressivo,Músicas que fizeram história,Velha Guarda e Outras Bossas,Flashback,#Deprê,Sertanejo Hits"
"Clubfeet","The Top 100 Remixes of 2013","Sertanejo Hits,Vagalume Vibe,Pop,Para Trabalhar,Lançamentos,Gospel"
"Cochise","Outside the Top 40: 1971",""
"Coldplay","Tops 1,Top 100 - Baladinhas,Top 100 Tracks 2013,Top 100 Tracks 2012,Top 100 Rock Songs of 2012,Top 100 Tracks 2014","Snow Patrol,Jason Mraz,Oasis,David Guetta,Paramore,System of a Down,Glee,U2,John Mayer,Foo Fighters,Red Hot Chili Peppers,Jack Johnson,Linkin Park,Jessie J,Evanescence,The Beatles,Nickelback,Guns N' Roses,Maroon 5,Colbie Caillat,Stone Sour,The Fray,The Killers,Kings Of Leon,Lifehouse,Slipknot,Simple Plan,Coldplay,Metallica,blink-182,O Melhor de Coldplay,Hits - Antigos, mas nem tanto,Experimental,Romântico,Férias,Love Mixtape"
"Commodores","Outside the Top 40: 1974","Barry White,Lionel Richie,Stevie Wonder,Marvin Gaye,Air Supply,Phil Collins,Bee Gees,Elton John,Mariah Carey,Michael Jackson,The Beatles,Coldplay,Adele,Rihanna,Paula Fernandes,Jorge e Mateus,Bruno Mars,Louis Armstrong,Simply Red,Whitney Houston,Michael Bublé,Elvis Presley,Beyoncé,Katy Perry,Commodores,Michael Bolton,Bryan Adams,Céline Dion,Scorpions,Roxette,Disco,Flashback,Hits Anos 80,Sertanejo Hits,Vagalume Vibe,Gospel"
"Cream","Music's Top 100 ICONS!,Top 100 under 3-minute songs","The Who,Jimi Hendrix,Eric Clapton,Motörhead,Deep Purple,Rolling Stones,Led Zeppelin,The Doors,Bob Dylan,Creedence Clearwater Revival,Pink Floyd,Black Sabbath,Kiss,Ramones,Elvis Presley,Queen,Iron Maiden,AC/DC,Pearl Jam,The Beatles,The Kinks,The Beach Boys,David Bowie,The Strokes,Janis Joplin,Ozzy Osbourne,Bob Marley,BB King,Dire Straits,Elton John,Rock - Das Raízes ao Progressivo,Músicas que fizeram história,Rock Clássico,Covers,Halloween,Sertanejo Hits"
"Danzig","Top 888 of the 80's","Misfits,Howard Shore,Slayer,Alice In Chains,Megadeth,Black Sabbath,Kiss,Ozzy Osbourne,Rolling Stones,Led Zeppelin,AC/DC,Metallica,Iron Maiden,Pink Floyd,Pearl Jam,Nirvana,Slipknot,Aerosmith,Guns N' Roses,System of a Down,Danzig,Sex Pistols,Bad Religion,Motörhead,Ramones,Pantera,Rammstein,Matanza,Marilyn Manson,The Offspring,Halloween,Heavy Metal,Hard Rock,Punk Rock,Sertanejo Hits,Vagalume Vibe"
"Daughter","NPR Music's Top 100 Songs of 2013","Foxes,Christel Alsos,The Lumineers,Lucy Rose,We Were Promised Jetpacks,Blind Pilot,Caro Emerald,Frente!,Sinéad O'Connor,Lana Del Rey,Counting Crows,Sia,ABBA,The Maine,Daughtry,The Pretty Reckless,The Fray,Regina Spektor,Radiohead,Florence And The Machine,The Strange Familiar,Daughter,Kevin Daniel,Dum Dum Girls,James Carrington,Aidan Hawken,The Heavy,Deep Forest,The Vampire Diaries,Civil Twilight,Light,Indie,Heartbreak,Festa de Formatura,Adrenalina,Vagalume Vibe"
"Dawin","Tops 1","Sertanejo Hits,Vagalume Vibe,Pop,Para Trabalhar,Lançamentos,Gospel"
"DED","Metal Top 40",""
"Deerhunter","Top 100 under 3-minute songs","Wild Beasts,Electrelane,Twin Shadow,...And You Will Know Us By The Trail Of Dead,Death From Above 1979,Blonde Redhead,Broken Social Scene,Super Furry Animals,CocoRosie,Metronomy,Richard Ashcroft,Best Coast,Big Boi,Animal Collective,Pulp,Grizzly Bear,Ida Maria,Fleet Foxes,LCD Soundsystem,DJ Shadow,Muse,Beach Fossils,Charlotte Gainsbourg,Deerhunter,Fever Ray,Joan Baez,José González,Saybia,Little Boots,The Vaccines,Indie,Britpop,Sexyback,Sertanejo Hits,Vagalume Vibe,Para Trabalhar"
"Deftones","Metal Top 40","Breaking Benjamin,Limp Bizkit,Disturbed,Korn,Rage Against The Machine,Marilyn Manson,Papa Roach,Alice In Chains,Rammstein,Audioslave,Incubus,Slipknot,Pearl Jam,Metallica,Nirvana,Avenged Sevenfold,System of a Down,Foo Fighters,blink-182,Linkin Park,Three Days Grace,Skillet,Red,Seether,Bullet For My Valentine,Rise Against,Stone Sour,A Day To Remember,3 Doors Down,Creed,Rock - De Bowie ao século 21,Rock,Grammy 2017,Rock Ballads,Acústico,Light"
"Deorro","Top 100 Tracks 2014","Lollapalooza Brasil 2018,Eletrônica,Sertanejo Hits,Vagalume Vibe,Pop,Para Trabalhar"
"Desiigner","Tops 1","Rap e Hip Hop,Sertanejo Hits,Gospel,Vagalume Vibe,Romântico,Pop"
"Detroit","Outside the Top 40: 1972","Chaparraus Nutrs,Kanoa,The Kooks,João Bosco e Vinícius,Jesus Culture,Pink Floyd,Black Tide,Santorine,Bruninho e Davi,Arctic Monkeys,The Carpenters,Marisa Monte,The Beatles,Dave Matthews Band,Dream Theater,Gorillaz,Queen,Cassiane,Garotos de Ouro,Hugo Pena,Prexeca Bangers,Tonzim,Mc Fox,Mag,Bonde da Stronda,ConeCrewDiretoria,Emicida,Forfun,Projota,Maria Gadú,Covers,Indie Pop,Vagalume Vibe,Indie,O Melhor de Pink Floyd,Monday"
"Disciples","Cr2 Records Presents: Top 100 Dance Tracks","Deep House Mix,Sertanejo Hits,Vagalume Vibe,Gospel,Pop,Romântico"
"Disturbed","Metal Top 40","Breaking Benjamin,Megadeth,Bullet For My Valentine,Korn,Papa Roach,Stone Sour,Skillet,Rammstein,Three Days Grace,Slipknot,Iron Maiden,System of a Down,Matanza,Metallica,Avenged Sevenfold,Creed,AC/DC,Nirvana,Pearl Jam,Linkin Park,Red,Seether,Disturbed,Rise Against,A Day To Remember,3 Doors Down,Foo Fighters,Thirty Seconds To Mars,blink-182,Green Day,Hardcore & Metalcore,Halloween,Grammy 2017,Rock Ballads,Heavy Metal,Sertanejo Hits"
"Divan","Salsa Top 100",""
"DNCE","Tops 1","Férias,Love Mixtape,Lançamentos,Festa de Formatura,Retrospectiva 2016,Festa de Ano Novo"
"Donovan","Outside the Top 40: 1971","Judy Garland,Randy Newman,The Archies,Ben Folds,Patti Smith,The Rembrandts,Elvis Costello,James Taylor,Frankie Valli and The Four Seasons,The Kinks,Righteous Brothers,Joe Cocker,The Carpenters,Andrea Bocelli,Disney,The Corrs,The Police,Vinicius de Moraes,Milton Nascimento,Bryan Adams,Donovan,Israel Kamakawiwo'ole,Right Said Fred,Meredith Brooks,Lou Bega,Shania Twain,Alanis Morissette,Chantal Kreviazuk,Matt Costa,Beirut,Velha Guarda e Outras Bossas,Rock - De Bowie ao século 21,Rock Clássico,Heartbreak,Músicas que fizeram história,Sertanejo Hits"
"Drake","Tops 1","The Saturdays,Slash,Wiz Khalifa,Kanye West,The Wanted,B.o.B,One Direction,Jennifer Lopez,Ne-yo,Flo Rida,Jessie J,Projota,Demi Lovato,Simple Plan,Pitbull,LMFAO,Chris Brown,Lil Wayne,Nicki Minaj,Eminem,Jay-Z & Kanye West,Michelle Branch,Olly Murs,Drake,James Morrison,Cobra Starship,Snow Patrol,Dev,Nicole Scherzinger,Madonna,Rap e Hip Hop,Top 50 Internacional,Lançamentos,Retrospectiva 2016,Festa de Ano Novo,Grammy 2017"
"Eagles","Top 100 - Baladinhas,Music's Top 100 ICONS!,Outside the Top 40: 1974","Dire Straits,Creedence Clearwater Revival,Bee Gees,Elton John,Led Zeppelin,Scorpions,Pink Floyd,Queen,Bob Marley,Pearl Jam,AC/DC,Aerosmith,Guns N' Roses,Nirvana,Metallica,The Beatles,Bon Jovi,Oasis,U2,Red Hot Chili Peppers,Deep Purple,Eric Clapton,The Doors,Rolling Stones,Iron Maiden,Engenheiros do Hawaii,John Fogerty,Bob Dylan,Black Sabbath,Elvis Presley,Rock - De Bowie ao século 21,Músicas que fizeram história,Flashback,Rock Clássico,Hits Anos 80,Sertanejo Hits"
"Eels","Top 100 under 3-minute songs","Shrek,The Fray,The Killers,AC/DC,Snow Patrol,Foo Fighters,Thirty Seconds To Mars,The Beatles,John Mayer,Red Hot Chili Peppers,Coldplay,Adele,Glee,Avril Lavigne,Bruno Mars,O Rei Leão,Smash Mouth,Counting Crows,Disney,Temas de Filmes,Jason Mraz,Bon Jovi,Linkin Park,Shakira,Taylor Swift,Colbie Caillat,Paramore,Nickelback,Maroon 5,Miley Cyrus,Power Pop,Indie,Covers,Músicas para Relaxar,Pop Rock,#Deprê"
"EMA","2014 Top 50 Albums by soundofus.com",""
"Emicida","Tops 1","Projota,Criolo,Rashid,Kamau,Pentágono,Flora Matos,MV Bill,ConeCrewDiretoria,Marcelo D2,O Rappa,SOJA (Soldiers of Jah Army),Racionais Mc's,Forfun,Bonde da Stronda,Eminem,Nx Zero,Charlie Brown Jr,Adele,Sorriso Maroto,ExaltaSamba,Emicida,Slim Rimografia,Rael,Terceira Safra,Mc Marechal,Shawlin,Black Alien,Sabotage,C4bal,Axl,Pop Nacional,Retrospectiva 2016,Músicas para Relaxar,Rap Nacional,MTV MIAW 2018,Light"
"Eminem","Music's Top 100 ICONS!","Jay-Z,Dr. Dre,50 Cent,Lil Wayne,Kanye West,Akon,Racionais Mc's,Chris Brown,Pitbull,Linkin Park,Projota,System of a Down,Avenged Sevenfold,Evanescence,Red Hot Chili Peppers,Nickelback,Justin Bieber,Jessie J,David Guetta,Pink,Black Eyed Peas,Paramore,Maroon 5,Flo Rida,Usher,Ne-yo,Eminem,Shakira,Glee,Kesha,Hits - Antigos, mas nem tanto,Rap e Hip Hop,Heartbreak,Festa de Formatura,Festa de Ano Novo 2017,Hits Anos 90"
"Erasure","Top 100 - Baladinhas","Information Society,New Order,Pet Shop Boys,Depeche Mode,Duran Duran,Tears For Fears,ABBA,A-Ha,The Smiths,The Cure,Roxette,Madonna,Queen,Michael Jackson,Bon Jovi,U2,Adele,Coldplay,Legião Urbana,Lady Gaga,Noel,Oingo Boingo,Erasure,INXS,Guns N' Roses,The Beatles,Hurts,Delphic,Joy Division,Oasis,Hits Anos 80,Pride,Light,#Deprê,Eletrônica,Sertanejo Hits"
"Evanescence","Top 100 - Baladinhas,Top 100 Rock Songs of 2012","Nightwish,Amy Lee,Kelly Clarkson,Creed,Nirvana,Slipknot,Pitty,Foo Fighters,System of a Down,Maroon 5,Linkin Park,Demi Lovato,Green Day,Simple Plan,Avenged Sevenfold,Guns N' Roses,Nickelback,Thirty Seconds To Mars,Paramore,Eminem,Red Hot Chili Peppers,Pink,Tarja Turunen,Within Temptation,Theatre of Tragedy,Evanescence,Epica,Lacuna Coil,Sonata Arctica,Angra,Heartbreak,Rock - De Bowie ao século 21,Halloween,Nostalgia (anos 2000),Rock,Rock Ballads"
"Everywhere","The Top 100 Remixes of 2013",""
"Extreme","Top 100 - Baladinhas","Bryan Adams,Scorpions,Aerosmith,Oasis,Bon Jovi,Guns N' Roses,The Beatles,Evanescence,Maroon 5,Foo Fighters,Nickelback,Coldplay,Red Hot Chili Peppers,U2,Colbie Caillat,Legião Urbana,Beyoncé,Adele,Charlie Brown Jr,Avril Lavigne,Air Supply,Phil Collins,Bee Gees,Shania Twain,Elton John,Roxette,Céline Dion,Whitney Houston,Queen,Mariah Carey,Romântico,Pop Rock,Hard Rock,#Deprê,Dia dos Namorados,Rock Ballads"
"Fanfarlo","Best of 2012 (Top 100+)","Eastern Conference Champions,Unkle,Laura Marling,The Dead Weather,The Bravery,Sia,Band Of Horses,The Black Keys,Vampire Weekend,Metric,Saga Crepúsculo,Florence And The Machine,Franz Ferdinand,Muse,Cee Lo Green,The Killers,Arctic Monkeys,Kings Of Leon,Paramore,Linkin Park,Fanfarlo,Glee,Taylor Swift,Miley Cyrus,Avril Lavigne,The Beatles,Massive Attack,Pink Floyd,Coldplay,Adele,Folk,Músicas para Relaxar,Festa de Formatura,Natal,Retrospectiva 2016,Festa de Ano Novo"
"Fanny","Outside the Top 40: 1972,Outside the Top 40: 1974","Sertanejo Hits,Vagalume Vibe,Gospel,Pop,Para Trabalhar,Lançamentos"
"Felguk","Cr2 Records Presents: Top 100 Dance Tracks","Sesto Sento,Tiësto,Armin Van Buuren,Swedish House Mafia,ConeCrewDiretoria,LMFAO,Pitbull,SOJA (Soldiers of Jah Army),Flo Rida,Far East Movement,David Guetta,Eminem,Red Hot Chili Peppers,Chris Brown,Black Eyed Peas,Fernando e Sorocaba,Linkin Park,Britney Spears,Charlie Brown Jr,ExaltaSamba,Astrix,Skazi,Ferry Corsten,Felguk,Paranormal Attack,Infected Mushroom,Avenged Sevenfold,U2,O Rappa,Forfun,Música Eletrônica Brasileira,Festa de Formatura,Para Malhar,Adrenalina,Eletrônica,Retrospectiva 2016"
"Fergie","Tops","Black Eyed Peas,Wild Orchid,will.i.am,The Pussycat Dolls,Kelly Clarkson,Mariah Carey,Evanescence,Selena Gomez,Shakira,Colbie Caillat,Miley Cyrus,Chris Brown,Eminem,Demi Lovato,Pink,Jennifer Lopez,Justin Bieber,Beyoncé,Glee,Britney Spears,Kesha,Jessie J,Fergie,David Guetta,Flo Rida,Far East Movement,Akon,Pitbull,Taio Cruz,LMFAO,Love Mixtape,Heartbreak,Retrospectiva 2016,Festa de Ano Novo,Nostalgia (anos 2000),Pop"
"Firefall","Outside the Top 40: 1976","Sertanejo Hits,Vagalume Vibe,Para Trabalhar,Gospel,Pop,Lançamentos"
"Flamingosis","Salsa Top 100",""
"Flatdisk","Cr2 Records Presents: Top 100 Dance Tracks",""
"Flume","Top 100 Future Bass Tracks On Spotify","Festa de Ano Novo,Grammy 2017,Lollapalooza Brasil 2017,Eletrônica,Sertanejo Hits,Vagalume Vibe"
"Foals","Top 100 Tracks 2013,Top 100 Tracks 2014,Amazingly Awesome Alternative Top 50","Editors,Friendly Fires,Crystal Castles,Yeah Yeah Yeahs,Two Door Cinema Club,Foster The People,Interpol,City And Colour,Arcade Fire,Franz Ferdinand,Fall Out Boy,The Kooks,The Strokes,The Killers,Kings Of Leon,Nirvana,Foo Fighters,Paramore,Coldplay,Red Hot Chili Peppers,Black Rebel Motorcycle Club,White Lies,The National,Lykke Li,Death Cab For Cutie,Saga Crepúsculo,Muse,Radiohead,Arctic Monkeys,U2,Vagalume Vibe,Indie,Pop Rock,todateen,Sertanejo Hits,Gospel"
"Foghat","Outside the Top 40: 1972,Outside the Top 40: 1976",""
"Fono","Cr2 Records Presents: Top 100 Dance Tracks","Carptree,Red Hot Chili Peppers,Luan Santana,ConeCrewDiretoria,Lily Allen,Chris Brown,Voz da Verdade,Jammil e Uma Noites,Britney Spears,Switchfoot,Nirvana,Alphaville,Eric Clapton,Glee,The Watch,The Magnetic Fields,Yes,Chris Isaak,Lady Gaga,OneRepublic,Jonas Brothers,Ten,U2,Titãs,Tears For Fears,Smash Mouth,Scorpions,Dire Straits,Fina Estampa (novela),Snow Patrol,Breeze,Retrospectiva 2016,Festa de Ano Novo,Músicas para Relaxar,Para Trabalhar,O Melhor de Red Hot Chili Peppers"
"Fonseca","Salsa Top 100","Brujeria,Julieta Venegas,Juanes,Camila,Fake Number,Alejandro Sanz,Maná,Luan Santana,Katy Perry,Jorge e Mateus,Paula Fernandes,Rihanna,ExaltaSamba,David Guetta,Beyoncé,Shakira,Gusttavo Lima,Asesino,Gipsy Kings,Cannibal Corpse,Ratos de Porão,Sepultura,Misfits,Slayer,Pantera,Black Sabbath,Ramones,Megadeth,Rammstein,Korn,Latina,Sertanejo Romântico,Natal Nacional,MTV MIAW 2018,Sertanejo Sofrência,Sertanejo Hits"
"Fox","Outside the Top 40: 1975",""
"Foxes","Top 100 Bands Of 2012","Heartbreak,Festa de Formatura,Adrenalina,Vagalume Vibe,Summer,Sertanejo Hits"
"Foxygen","2014 Top 50 Albums by soundofus.com,NPR Music's Top 100 Songs of 2013","Sertanejo Hits,Vagalume Vibe,Pop,Gospel,Para Trabalhar,Lançamentos"
"Free","Outside the Top 40: 1972","Bad Company,Jimi Hendrix,Rolling Stones,The Doors,Deep Purple,Led Zeppelin,AC/DC,Pink Floyd,Queen,Jack Johnson,The Beatles,Guns N' Roses,David Guetta,Rihanna,Lady Gaga,Blue Oyster Cult,Foreigner,Boston,Rush,Lynyrd Skynyrd,Kansas,Creedence Clearwater Revival,Black Sabbath,Ozzy Osbourne,Scorpions,Iron Maiden,Aerosmith,Pearl Jam,Janis Joplin,The Who,Rock - Das Raízes ao Progressivo,Rock Clássico,Músicas que fizeram história,Sertanejo Hits,Vagalume Vibe,Gospel"
"Funkadelic","Outside the Top 40: 1971,Outside the Top 40: 1975,Outside the Top 40: 1976","Parliament/George Clinton,Interpol,Bad Religion,Joy Division,LIVE,Jimi Hendrix,Jorge Ben Jor,Motörhead,Tim Maia,Creedence Clearwater Revival,The Doors,Ramones,Raul Seixas,The Strokes,Pink Floyd,Led Zeppelin,Pearl Jam,Red Hot Chili Peppers,System of a Down,The Beatles,Funkadelic,A Wilhelm Scream,Marvin Gaye,Jamiroquai,Lil Wayne,Glee,Placebo,Arcade Fire,The Smiths,Franz Ferdinand,Classic R&B,Disco,Músicas que fizeram história,Rock,Sertanejo Hits,Vagalume Vibe"
"Galantis","Top 100 Future Bass Tracks On Spotify","Festa de Ano Novo,Para Malhar,Lollapalooza Brasil 2018,Eletrônica,Sertanejo Hits,Vagalume Vibe"
"Genesis","Top 888 of the 80's","Pousatigres,Yes,Supertramp,Phil Collins,Rush,David Bowie,Bee Gees,Pink Floyd,Elton John,Queen,Led Zeppelin,The Beatles,Guns N' Roses,U2,Coldplay,Adele,Badly Drawn Boy,Yo La Tengo,My Bloody Valentine,Genesis,Elvis Costello,Los Hermanos,Modest Mouse,Secos e Molhados,Mutantes,Talking Heads,Built To Spill,The Lemmonheads,The Get Up Kids,Dee Dee Ramone,Rock - Das Raízes ao Progressivo,Hits Anos 80,Flashback,Rock Clássico,Músicas que fizeram história,Sertanejo Hits"
"Giraffage","Top 100 Future Bass Tracks On Spotify",""
"Glee","Top 100 - Baladinhas","Matthew Morrison,Mark Salling,Spring Awakening,Darren Criss,High School Musical,Demi Lovato,Kelly Clarkson,Selena Gomez,Jessie J,Miley Cyrus,Pink,Chris Brown,Taylor Swift,The Beatles,Justin Bieber,Colbie Caillat,Maroon 5,Kesha,Paramore,Shakira,Black Eyed Peas,Beyoncé,Lady Gaga,Avril Lavigne,Britney Spears,Glee,Justin Timberlake,Michael Bublé,Matt Nathanson,Yellowcard,Covers,Temas de séries e desenhos,Halloween,Natal,Breeze,Disney Hits"
"Goat","2014 Top 50 Albums by soundofus.com",""
"Godsmack","Top 100 Rock Songs of 2012","Five Finger Death Punch,Drowning Pool,Disturbed,Korn,Alice In Chains,Limp Bizkit,Audioslave,Stone Sour,Rammstein,Matanza,Slipknot,Metallica,Iron Maiden,System of a Down,Pearl Jam,Creed,Nirvana,AC/DC,Avenged Sevenfold,Green Day,Godsmack,Mudvayne,Killswitch Engage,All That Remains,Pantera,Breaking Benjamin,Bullet For My Valentine,Skillet,Megadeth,Papa Roach,Hardcore & Metalcore,Halloween,Grammy 2017,Rock Ballads,Acústico,Lollapalooza Brasil 2017"
"Gorillaz","Top 100 Tracks 2013,Top 100 Tracks 2012,Top 100 Tracks 2014,Amazingly Awesome Alternative Top 50","Arctic Monkeys,The Strokes,Nirvana,Slipknot,Oasis,AC/DC,blink-182,Foo Fighters,Green Day,System of a Down,Red Hot Chili Peppers,Metallica,Linkin Park,Guns N' Roses,Eminem,Avenged Sevenfold,Evanescence,Jack Johnson,The Beatles,Nickelback,Alex Turner,The Last Shadow Puppets,Franz Ferdinand,The Kooks,Ritz,MGMT,Foster The People,Muse,The Killers,Panic! At The Disco,Hits - Antigos, mas nem tanto,Para Trabalhar,Adrenalina,Nostalgia (anos 2000),Chillout Music,Para Animar"
"Greyhounds","2014 Top 50 Albums by soundofus.com",""
"Grimes","Top 100 Bands Of 2012","The Replacements,Broken Social Scene,M83,Black Rebel Motorcycle Club,Cut Copy,Modest Mouse,Oh Land,Nada Surf,Katy B,Noel Rosa,Nicola Roberts,Sonic Youth,Yeah Yeah Yeahs,Scissor Sisters,The XX,Feist,Cat Power,Pato Fu,Foster The People,Lana Del Rey,Felt,Super Furry Animals,The Boxer Rebellion,Steely Dan,Hüsker Dü,Van Morrison,The Allman Brothers Band,Velvet Underground,Tiê,New Order,Experimental,Indie Pop,Indie,Punk Rock,Lollapalooza Brasil 2017,Sertanejo Hits"
"Grimm","Top 100 Future Bass Tracks On Spotify",""
"Grouplove","Top 100 Tracks 2013,Top 100 Tracks 2012,Top 100 Rock Songs of 2012,Top 100 Tracks 2014","Grupo Doce Encontro,Foster The People,Florence And The Machine,Nicki Minaj,Michel Teló,Glee,Katy Perry,Adele,Taylor Swift,Arctic Monkeys,Rihanna,David Guetta,Linkin Park,Foo Fighters,Coldplay,Green Day,Red Hot Chili Peppers,Kid Abelha,Grupo Percepção,Pura Inocência,Grupo Sou Muleke,Grupo Opção 3,Katinguelê,Cupim Na Mesa,Swing & Simpatia,Samprazer,ImaginaSamba,Grupo Tá Na Mente,BokaLoka,Pique Novo,Indie Pop,Heartbreak,Lançamentos,Para Malhar,Eletrônica,Sertanejo Hits"
"HAIM","Top 100 Bands Of 2012,Best of 2012 (Top 100+)","Indie Pop,Pop Rock,todateen,Festa de Ano Novo 2017,Indie,Sertanejo Hits"
"Halestorm","Top 100 Rock Songs of 2012","Shinedown,Within Temptation,The Pretty Reckless,Nightwish,Skillet,The Wanted,Three Days Grace,Bullet For My Valentine,Kelly Clarkson,Glee,Evanescence,Slipknot,3 Doors Down,Guns N' Roses,Paramore,Metallica,Avenged Sevenfold,System of a Down,Foo Fighters,Linkin Park,Alter Bridge,Daughtry,Seether,Stone Sour,Breaking Benjamin,Papa Roach,Creed,AC/DC,Green Day,Nickelback,Metal Sinfônico,Hardcore & Metalcore,Rock,Pop Rock,Vagalume Vibe,Sertanejo Hits"
"Heart","Outside the Top 40: 1976","Whitesnake,Kiss,Black Sabbath,Scorpions,Roxette,Led Zeppelin,Queen,Iron Maiden,AC/DC,Guns N' Roses,Aerosmith,Metallica,Pearl Jam,Bon Jovi,Slipknot,The Beatles,Red Hot Chili Peppers,Glee,Coldplay,Legião Urbana,David Coverdale,Rainbow,Deep Purple,Def Leppard,Mr. Big,Skid Row,Judas Priest,Van Halen,Ozzy Osbourne,Pink Floyd,Hits Anos 80,Light,Rock Clássico,Romântico,Rock - De Bowie ao século 21,Heavy Metal"
"Heartsfield","Outside the Top 40: 1974",""
"Helloween","Top 888 of the 80's","Gamma Ray,Michael Kiske,Masterplan,Andi Deris,Edguy,Stratovarius,Iced Earth,HammerFall,Manowar,Blind Guardian,Avantasia,Sonata Arctica,Judas Priest,Megadeth,Dream Theater,Angra,Pantera,Nightwish,Iron Maiden,Black Sabbath,Rammstein,Ozzy Osbourne,Matanza,Helloween,Iron Savior,Freedom Call,Primal Fear,Symphony X,Rhapsody of Fire,Amon Amarth,Halloween,Heavy Metal,Hard Rock,Rock,Rock Clássico,Sertanejo Hits"
"Hermitude","Top 100 Future Bass Tracks On Spotify","Sertanejo Hits,Vagalume Vibe,Gospel,Pop,Romântico,Lançamentos"
"Honeyblood","NME's Top 50 Tracks of 2014","Sertanejo Hits,Vagalume Vibe,Pop,Para Trabalhar,Lançamentos,Gospel"
"Hoobastank","Top 100 - Baladinhas","Creed,3 Doors Down,Lifehouse,Evanescence,blink-182,Nickelback,Oasis,Simple Plan,Green Day,Bon Jovi,Linkin Park,Avenged Sevenfold,Guns N' Roses,Foo Fighters,Maroon 5,Red Hot Chili Peppers,Colbie Caillat,Paramore,Pink,Taylor Swift,Scott Stapp,Alter Bridge,Pearl Jam,Aerosmith,Nirvana,System of a Down,Metallica,Slipknot,U2,Daughtry,Romântico,Love Mixtape,Pop Rock,#Deprê,Nostalgia (anos 2000),Dia dos Namorados"
"Hospitality","Best of 2012 (Top 100+)",""
"Hozier","2014 Top 50 Albums by soundofus.com","Vagalume Vibe,Sertanejo Hits,Para Trabalhar,Pop,Gospel,Breeze"
"iceage","NME's Top 50 Tracks of 2014,2014 Top 50 Albums by soundofus.com","Sertanejo Hits,Vagalume Vibe,Para Trabalhar,Pop,Gospel,Lançamentos"
"Incognito","Salsa Top 100","The Whispers,Gerald Levert,Brand New Heavies,The Style Council,The Isley Brothers,Jair Oliveira,Ed Motta,Dave Matthews Band,Jamiroquai,Maná,Phil Collins,Rita Lee,Stevie Wonder,Creedence Clearwater Revival,Madonna,Vanessa da Mata,Djavan,Michael Jackson,Metallica,Aerosmith,Incognito,Imagination,Olivia Newton-John,The Stylistics,Chic,Kool & The Gang,Donna Summer,Bee Gees,Beyoncé,Lighthouse Family,Classic R&B,Disco,Hits Anos 80,Flashback,Acústico,Rock Clássico"
"Incubus","Amazingly Awesome Alternative Top 50","Brandon Boyd,Deftones,Foo Fighters,311,Red Hot Chili Peppers,Sons Of The Sea,Audioslave,Arctic Monkeys,Snow Patrol,The Strokes,Pearl Jam,Kings Of Leon,Lifehouse,3 Doors Down,blink-182,Los Hermanos,Aerosmith,John Mayer,Oasis,Jack Johnson,U2,Nirvana,Avenged Sevenfold,Green Day,Incubus,Team Sleep,This Providence,Garbage,Cat Power,Eddie Vedder,Pop Rock,Hits Anos 90,Monday,#Deprê,Rock,Light"
"Innervision","Outside the Top 40: 1975",""
"Inpetto","Cr2 Records Presents: Top 100 Dance Tracks",""
"Interpol","NME's Top 50 Tracks of 2014","Placebo,Arcade Fire,The Smiths,Franz Ferdinand,The Kooks,Radiohead,The Strokes,Arctic Monkeys,Muse,Incubus,The Killers,Pink Floyd,Kings Of Leon,Los Hermanos,Pearl Jam,Oasis,Foo Fighters,The Beatles,Nirvana,Metallica,The Cure,My Chemical Romance,System of a Down,Avenged Sevenfold,Evanescence,Interpol,MGMT,Beirut,Florence And The Machine,U2,Indie,Britpop,Rock,Vagalume Vibe,Sertanejo Hits,Gospel"
"Islands","Best of 2012 (Top 100+)","Of Montreal,Living Things,Remioromen,The Rugburns,Rachael Yamagata,Keemo,Bright Eyes,Band Of Skulls,Pendulum,Kaskade,Killswitch Engage,Gui Boratto,Two Door Cinema Club,Alex Gaudino,Westlife,Engenheiros do Hawaii,Fatboy Slim,Three Days Grace,P.O.D.,Bruce Springsteen,R.E.M.,Islands,Devendra Banhart,Black Drawing Chalks,MGMT,Jethro Tull,Genesis,Phoenix,The Who,The Smiths,Indie,Natal,Pop Rock Brasil,Hits Anos 80,Sertanejo Hits,Vagalume Vibe"
"Iyaz","Tops 1","He Is We,Pixie Lott,Jason Derulo,Lil Wayne,Nicki Minaj,Kelly Clarkson,LMFAO,Akon,Taio Cruz,Flo Rida,Humberto e Ronaldo,Demi Lovato,Kesha,Pitbull,Chris Brown,Pink,Justin Bieber,Selena Gomez,Eminem,David Guetta,Iyaz,Simple Plan,Jason Mraz,Maroon 5,Paramore,Evanescence,Miley Cyrus,Nickelback,Colbie Caillat,Nx Zero,Músicas para Relaxar,Festa de Criança - Internacional,#Deprê,Light,Vagalume Vibe,Clima de Copa!"
"Jaheim","NPR Music's Top 100 Songs of 2013","H-Town,Ginuwine,Jagged Edge,R. Kelly,Brian Mcknight,Alicia Keys,Amy Winehouse,O Rappa,Usher,Nelly,Katy Perry,Adele,Jorge e Mateus,Ne-yo,Chris Brown,Mariah Carey,Paramore,Rihanna,Beyoncé,Bruno Mars,Changing Faces,LSG,Ruff Endz,Mint Condition,702,Floetry,Jaheim,Marsha Ambrosius,Xscape,SWV,R&B,Clima de Copa!,Festa de Ano Novo,Sexyback,Nostalgia (anos 2000),Sertanejo Hits"
"Jairzinho","Salsa Top 100",""
"Jakki","Outside the Top 40: 1976",""
"James","Top 888 of the 80's","Dire Straits,R.E.M.,Queen,Pearl Jam,Adele,Nirvana,Pink Floyd,Coldplay,James Blunt,U2,Red Hot Chili Peppers,Deep Purple,Eric Clapton,Creedence Clearwater Revival,The Doors,Rolling Stones,Scorpions,Led Zeppelin,Aerosmith,AC/DC,Metallica,Iron Maiden,Guns N' Roses,Bon Jovi,The Beatles,Engenheiros do Hawaii,Radiohead,The Strokes,Oasis,Foo Fighters,Indie,Rock - De Bowie ao século 21,Hits Anos 80,Para Viajar,Monday,Rock Clássico"
"Jett","Cr2 Records Presents: Top 100 Dance Tracks",""
"Jigsaw","Outside the Top 40: 1976","Asia,New Order,Christopher Cross,Tears For Fears,Charlie Brown Jr,Nando Reis,Roupa Nova,Jorge e Mateus,Peter Frampton,Survivor,Journey,Men At Work,Europe,Kansas,Whitesnake,A-Ha,Scorpions,Kiss,AC/DC,Queen,Pink Floyd,Iron Maiden,Aerosmith,Metallica,Bon Jovi,Guns N' Roses,The Beatles,Hurts,Delphic,Joy Division,Rock Ballads,Flashback,#Deprê,Eletrônica,Indie,Sertanejo Hits"
"JMSN","The Top 100 Remixes of 2013","Sertanejo Hits,Vagalume Vibe,Para Trabalhar,Pop,Gospel,Lançamentos"
"JoJo","Tops","Eric Saade,Jason Derulo,Kelly Clarkson,James Blunt,Mariah Carey,Demi Lovato,Rebeldes,Shakira,Evanescence,Glee,Colbie Caillat,Selena Gomez,Chris Brown,Taylor Swift,Miley Cyrus,Maroon 5,Nickelback,Justin Bieber,Jessie J,Pink,Kdrew,Erika Jayne,AVICII,Alexandra Stan,Afrojack,Calvin Harris,Martin Solveig,will.i.am,JoJo,Bob Sinclar,Love Mixtape,Heartbreak,Retrospectiva 2016,Festa de Ano Novo,Pop,R&B"
"Journey","Top 100 Tracks 2013,Top 100 Tracks 2012,Top 100 Tracks 2011,Top 100 Tracks 2014","Asia,Survivor,Europe,Kansas,Whitesnake,Van Halen,Kiss,Scorpions,Queen,Iron Maiden,Aerosmith,AC/DC,Pink Floyd,Bon Jovi,Metallica,Guns N' Roses,Glee,The Beatles,U2,Red Hot Chili Peppers,Peter Frampton,Journey,Men At Work,Tears For Fears,A-Ha,Michael Jackson,System of a Down,Linkin Park,Legião Urbana,Skid Row,Hits Anos 80,Para Animar,Rock,Rock Ballads,Flashback,Rock Clássico"
"Joywave","Best of 2012 (Top 100+)","Sertanejo Hits,Vagalume Vibe,Pop,Para Trabalhar,Lançamentos,Gospel"
"Juce","NME's Top 50 Tracks of 2014",""
"Jucifer","NPR Music's Top 100 Songs of 2013","Sertanejo Hits,Gospel,Romântico,Vagalume Vibe,Sertanejo Sofrência,Pop"
"Jungle","NME's Top 50 Tracks of 2014","Indie Pop,Sertanejo Hits,Vagalume Vibe,Pop,Para Trabalhar,Lançamentos"
"Kasabian","NME's Top 50 Tracks of 2014","Hugh Laurie,Wilco,Blur,Kaiser Chiefs,Arcade Fire,Franz Ferdinand,The Kooks,The Strokes,Radiohead,Arctic Monkeys,The Killers,Muse,Oasis,Kings Of Leon,Lady Antebellum,Pearl Jam,Nirvana,Los Hermanos,Foo Fighters,The Beatles,Band From Tv,Dave Matthews Band,Dr. John,Irma Thomas,Tom Jones,Mumford & Sons,Lykke Li,She & Him,Kasabian,SuperHeavy,Covers,Heartbreak,Indie,Folk,Summer,Sertanejo Hits"
"Kavinsky","Top 100 Tracks 2012","College,Lykke Li,Marvin Gaye,Lana Del Rey,David Bowie,Madonna,Florence And The Machine,Pink Floyd,Adele,Rihanna,Kings Of Leon,Maroon 5,The Beatles,Lenny Kravitz,Charlie Brown Jr,Radiohead,Coldplay,Red Hot Chili Peppers,Kavinsky,Céu,Nickelback,Beyoncé,Norah Jones,Pearl Jam,Anya Marina,Bon Iver,Death Cab For Cutie,Saga Crepúsculo,Muse,Arctic Monkeys,Halloween,#Deprê,Rock - Das Raízes ao Progressivo,Músicas que fizeram história,Natal,Sexyback"
"Keane","Best of 2012 (Top 100+)","Mt. Desolation,Guillemots,Snow Patrol,The Killers,The Strokes,Coldplay,Madonna,Kings Of Leon,Oasis,John Mayer,Foo Fighters,Jason Mraz,U2,Glee,Maroon 5,The Beatles,Red Hot Chili Peppers,Nickelback,Linkin Park,Paramore,Demi Lovato,Taylor Swift,Keane,Thirteen Senses,Coheed And Cambria,Zakk Wylde,Noah And The Whale,Cidadão Quem,Travis,Beirut,Covers,Pop Rock,Eletrônica,Rock,Vagalume Vibe,Acústico"
"Kiesza","Top 100 Tracks 2014","Deep House Mix,Sertanejo Hits,Vagalume Vibe,Pop,Para Trabalhar,Gospel"
"Kiiara","Tops 1","Sertanejo Hits,Gospel,Vagalume Vibe,Pop,Romântico,Lançamentos"
"KISS","Outside the Top 40: 1975,Outside the Top 40: 1976,Outside the Top 40: 1974,Top 100 under 3-minute songs","Van Halen,Deep Purple,Black Sabbath,Ramones,Led Zeppelin,Ozzy Osbourne,Rolling Stones,Queen,Scorpions,Iron Maiden,Pink Floyd,AC/DC,Metallica,Guns N' Roses,Aerosmith,Pearl Jam,Nirvana,Slipknot,Bon Jovi,U2,Whitesnake,Kiss,Judas Priest,Rush,Creedence Clearwater Revival,Dire Straits,The Doors,Dio,Motörhead,Megadeth,Halloween,Músicas que fizeram história,Heavy Metal,Hard Rock,#Deprê,Rock Ballads"
"Klingande","Top 100 Tracks 2014","Deep House Mix,Para Malhar,Eletrônica,Vagalume Vibe,Sertanejo Hits,Breeze"
"KMFH","NPR Music's Top 100 Songs of 2013",""
"Kodaline","Top 100 Bands Of 2012","Heartbreak,Vagalume Vibe,Acústico,Sertanejo Hits,Para Trabalhar,Breeze"
"Korpiklaani","Metal Top 40","Heidevolk,Finntroll,Turisas,Alestorm,Ensiferum,Eluveitie,Tuatha de Danann,Amon Amarth,Dimmu Borgir,Blind Guardian,Rhapsody of Fire,Tenacious D,Slayer,Sonata Arctica,Within Temptation,Helloween,Nightwish,Megadeth,Rammstein,Matanza,1349,Carpathian Forest,Týr,Satyricon,Teräsbetoni,Mayhem,Demons & Wizards,Burzum,Bathory,In Extremo,Metal Sinfônico,Heavy Metal,Rock Ballads,Sertanejo Hits,Vagalume Vibe,Gospel"
"Kostrok","The Top 100 Remixes of 2013",""
"KSHMR","Tops 1","Eletrônica,Sertanejo Hits,Gospel,Vagalume Vibe,Romântico,Lançamentos"
"LaBelle","Outside the Top 40: 1975","Loggins And Messina,The Guess Who,Claus e Vanessa,Rihanna,Rolling Stones,Donna Summer,Lionel Richie,Bon Jovi,Linkin Park,Iron Maiden,Guns N' Roses,Mariah Carey,The Beach Boys,Madonna,Roxette,Red Hot Chili Peppers,Gary Stewart,The Buckinghams,Carmen Rasmusen,Labelle,Supreme Beings Of Leisure,The Postmarks,Pilot,Joe Jeffrey Group,Steely Dan,She & Him,Eric Carmen,Don McLean,Músicas Gospel,The Zombies,Rock Clássico,Férias,Love Mixtape,Heartbreak,Retrospectiva 2016,Festa de Ano Novo"
"Ladyhawke","Best of 2012 (Top 100+)","Little Boots,CSS,Lana Del Rey,Florence And The Machine,Lily Allen,Arctic Monkeys,Adele,Foo Fighters,Rihanna,Kesha,Britney Spears,Lady Gaga,Katy Perry,Avril Lavigne,Paramore,The Beatles,Cobra Starship,Amy Winehouse,Panic! At The Disco,Nicki Minaj,Madonna,Jessie J,Glee,Colbie Caillat,Pink,Miley Cyrus,Black Eyed Peas,Beyoncé,Copacabana Club,Bonde do Rolê,Pride,Breeze,Heartbreak,Indie Pop,Lançamentos,Músicas para Relaxar"
"Latimore","Outside the Top 40: 1974","Captain And Tennille,A-Ha,Rolling Stones,Cascada,Amy Winehouse,Big Time Rush,Candi Staton,Air Supply,Phil Collins,Bee Gees,Elton John,Michael Jackson,The Beatles,Pet Shop Boys,Duran Duran,Tears For Fears,ABBA,Roxette,Bryan Adams,Scorpions,Queen,Madonna,Aerosmith,Bon Jovi,U2,Guns N' Roses,Red Hot Chili Peppers,Mick Jagger,The Who,Bob Dylan,Flashback,Rock - De Bowie ao século 21,Hits Anos 80,Rock Ballads,Acústico,Sertanejo Hits"
"Lawson","Top 100 Bands Of 2012","Karmin,Cassie,You Me At Six,Neon Trees,Drake,Slash,The Wanted,Norah Jones,B.o.B,Ne-yo,Jason Mraz,One Direction,Jessie J,Jennifer Lopez,Simple Plan,Demi Lovato,Maroon 5,David Guetta,Taylor Swift,Chris Brown,Lonsdale Boys Club,Young The Giant,Adam Lambert,Lana Del Rey,Nicki Minaj,Madonna,Flo Rida,Kelly Clarkson,LMFAO,Lawson,Para Viajar,R&B,Acústico,Punk Pop,Festa de Ano Novo,Grammy 2017"
"Lemuria","NPR Music's Top 100 Songs of 2013","Sertanejo Hits,Vagalume Vibe,Para Trabalhar,Gospel,Pop,Lançamentos"
"letherette","The Top 100 Remixes of 2013",""
"Liars","2014 Top 50 Albums by soundofus.com",""
"Lighthouse","Outside the Top 40: 1971,Outside the Top 40: 1972",""
"Lindisfarne","Outside the Top 40: 1972","Sertanejo Hits,Gospel,Vagalume Vibe,Romântico,Pop,Sertanejo Sofrência"
"LMFAO","Top 100 Tracks 2012","Bob Sinclar,Flo Rida,Nicki Minaj,Dev,Selena Gomez,Michel Teló,Far East Movement,Taio Cruz,Pitbull,Maroon 5,Demi Lovato,Enrique Iglesias,Justin Bieber,Britney Spears,Chris Brown,David Guetta,Kesha,Jessie J,Jennifer Lopez,Black Eyed Peas,Erika Jayne,Alexis Jordan,Mohombi,Mashup Germany,Afrojack,Martin Solveig,will.i.am,Emily Osment,Armin Van Buuren,Cobra Starship,Hits - Antigos, mas nem tanto,Eletrônica,Pop,Festa de Formatura,Para Trabalhar,Nostalgia (anos 2000)"
"Lobo","Outside the Top 40: 1971,Outside the Top 40: 1972,Outside the Top 40: 1974","Bread,Nazareth,The Carpenters,Bonnie Tyler,Bee Gees,Rod Stewart,Air Supply,Lionel Richie,ABBA,Elton John,Scorpions,Creedence Clearwater Revival,Bryan Adams,Elvis Presley,Roxette,The Beatles,Legião Urbana,Paula Fernandes,Adele,Bruno Mars,The Hollies,Michael Jackson,Coldplay,Kiss,Led Zeppelin,Iron Maiden,Queen,Pink Floyd,AC/DC,Aerosmith,Flashback,Romântico,Rock - Das Raízes ao Progressivo,Rock Ballads,Rock Clássico,Velha Guarda e Outras Bossas"
"Lookas","Top 100 Future Bass Tracks On Spotify",""
"Lorde","Top 100 Tracks 2014,NPR Music's Top 100 Songs of 2013","Disclosure,AlunaGeorge,Sam Smith,Lorde,Heartbreak,Indie Pop,todateen,Festa de Ano Novo 2017,Foca no Estudo,Eletrônica"
"Loreen","Top 100 Tracks 2012","Lana Del Rey,Bruno Mars,Nicki Minaj,Glee,Adam Lambert,Florence And The Machine,Katy Perry,Adele,Rihanna,Pitbull,David Guetta,Kelly Clarkson,Avril Lavigne,Whitney Houston,Bruno e Marrone,Britney Spears,Linkin Park,Madonna,The Pretty Reckless,The Wanted,Dev,Arctic Monkeys,LMFAO,Jason Mraz,Kesha,Jessie J,Taylor Swift,Lady Gaga,Paramore,Foster The People,Hits - Antigos, mas nem tanto,Breeze,Heartbreak,Indie Pop,Lançamentos,Músicas para Relaxar"
"Low","Amazingly Awesome Alternative Top 50","Carissa's Wierd,Brokencyde,Flo Rida,50 Cent,Akon,Eminem,Chris Brown,Pitbull,Glee,David Guetta,Linkin Park,Beyoncé,Lady Gaga,Coldplay,Katy Perry,Britney Spears,Charlie Brown Jr,Rihanna,Avril Lavigne,Black Eyed Peas,Barzin,Escape The Day,Bonnie Prince Billy,This Town Needs Guns,Sun Kil Moon,American Football,The Tallest Man On Earth,Joanna Newsom,Lydia,Boom Boom Kid,Natal,Hits - Antigos, mas nem tanto,Rap e Hip Hop,Férias,Lançamentos,Festa de Formatura"
"LP","Top 100 Bands Of 2012","Sertanejo Hits,Vagalume Vibe,Para Trabalhar,Pop,Gospel,Lançamentos"
"Madcon","Tops 1","Jazmine Sullivan,Laza Morgan,Chromeo,Trey Songz,Jesse McCartney,The Police,Flo Rida,Glee,Chris Brown,Black Eyed Peas,David Guetta,Eminem,Linkin Park,Jessie J,Britney Spears,Maroon 5,Beyoncé,Rihanna,Lady Gaga,Coldplay,Madcon,MIMS,Estelle,Busta Rhymes,Alicia Keys,Adele,Wisin Y Yandel,Justin Bieber,Miley Cyrus,The Strokes,R&B,Pop,Hits Anos 80,#Deprê,Rock,Sertanejo Hits"
"Madonna","Top 100 - Baladinhas,Tops,Top 100 Tracks 2011,Music's Top 100 ICONS!","Nicki Minaj,Christina Aguilera,Michael Jackson,Pitbull,U2,Jessie J,Coldplay,Shakira,Glee,Demi Lovato,Maroon 5,Beyoncé,Jennifer Lopez,Taylor Swift,Lady Gaga,Britney Spears,Kesha,Pink,David Guetta,Black Eyed Peas,Lil Wayne,Dev,One Direction,Madonna,Flo Rida,LMFAO,Kelly Clarkson,Nicole Scherzinger,Justin Bieber,Chris Brown,O Melhor de Madonna,Hits - Antigos, mas nem tanto,Romântico,Heartbreak,Músicas que fizeram história,Pop Anos 90"
"Malo","Outside the Top 40: 1972","Mitch Ryder And The Detroit Wheels,Freddy Cannon,Frankie Avalon,Los Bravos,Tommy James And The Shondells,Johnny Mathis,The Stylistics,The Isley Brothers,Bonde da Stronda,Sade,Vibrações Rasta,Armin Van Buuren,Stevie Wonder,Marvin Gaye,Phil Collins,Ivan Lins,Michael Jackson,Slipknot,Pearl Jam,Coldplay,The Illusion,Malo,Dr. Horrible's Sing-along Blog,Bobby Bloom,Tony Ronald,Tommy Roe,Paper Lace,Sam and Dave,Bellamy Brothers,Spencer Davis Group,Velha Guarda e Outras Bossas,Disco,R&B,Halloween,Músicas que fizeram história,Natal"
"Mandrill","Outside the Top 40: 1971","Sertanejo Hits,Gospel,Vagalume Vibe,Romântico,Pop,Lançamentos"
"Manowar","Top 888 of the 80's","HammerFall,Rhapsody of Fire,Judas Priest,Iron Maiden,Accept,Iced Earth,Blind Guardian,Sepultura,Stratovarius,Dio,Helloween,Avantasia,Slayer,Motörhead,Megadeth,Pantera,Black Sabbath,Angra,Nightwish,Rammstein,Ozzy Osbourne,Matanza,Manowar,Kamelot,Edguy,Sonata Arctica,Dragonforce,Dream Theater,Disturbed,Luca Turilli,Rock Ballads,Heavy Metal,Hard Rock,Rock,Rock Clássico,Sertanejo Hits"
"Maps","The Top 100 Remixes of 2013","Sertanejo Hits,Vagalume Vibe,Para Trabalhar,Gospel,Pop,Lançamentos"
"Marlene","The Top 100 Remixes of 2013","Linda Batista,Jorge Veiga,Emilinha Borba,Miltinho,Paula Lima,Ângela Maria,Adoniran Barbosa,Dalva de Oliveira,Marchinhas de Carnaval,Beth Carvalho,Clara Nunes,Nelson Gonçalves,Luiz Gonzaga,Alcione,Os Paralamas do Sucesso,Roberto Carlos,Chico Buarque,Adele,Dircinha Batista,Marlene,Gilberto Alves,Daniel Matos e Renato,Francisco Petrônio,Celly Campello,Alan e Alisson,Lupicinio Rodrigues,Francisco Alves,Carlos Galhardo,Elizeth Cardoso,Vicente Celestino,Velha Guarda e Outras Bossas,Carnaval,#Deprê,Pop Rock Brasil,Festa de Ano Novo,Sertanejo Hits"
"Marmalade","Outside the Top 40: 1976","Herman's Hermits,Tom Jones,Pholhas,The Hollies,Bread,Johnny Rivers,Bee Gees,Elton John,Creedence Clearwater Revival,Elvis Presley,The Beatles,Middle Of The Road,Marmalade,The Mamas And The Papas,The Monkees,Cat Stevens,Tears For Fears,The Carpenters,Rolling Stones,Led Zeppelin,Kiss,Nando Reis,Michael Jackson,U2,Adele,Glee,Rihanna,Katy Perry,Bruno Mars,Trepidants,Rock - Das Raízes ao Progressivo,Velha Guarda e Outras Bossas,Flashback,Músicas que fizeram história,Sertanejo Hits,Vagalume Vibe"
"Marshmello","Top 100 Future Bass Tracks On Spotify","Top 50 Internacional,Férias,Lollapalooza Brasil 2017,Vagalume Vibe,Pop,Sertanejo Hits"
"Massari","Salsa Top 100","Nelson Freitas,Anselmo Ralph,Mariah Carey,ExaltaSamba,Lady Gaga,Adele,Luan Santana,Jorge e Mateus,Chris Brown,Rihanna,Pitbull,David Guetta,Beyoncé,Avril Lavigne,Britney Spears,Bruno Mars,Marcia Kizomba,Loony Johnson,Nichols,Johnny Ramos,Tó Semedo,Djodje,Philip Monteiro,Chelsy Shantel,Mika Mendes,Denis Graça,Kizomba,Neuza,Massari,Kaysha,Romântico,Heartbreak,Lançamentos,Pop Anos 90,Natal,Hits Anos 90"
"Mastodon","Metal Top 40","Art Of Dying,Machine Head,Taking Back Sunday,Lamb Of God,Theory Of A Deadman,Staind,Black Veil Brides,Queens Of The Stone Age,Megadeth,Skillet,Goo Goo Dolls,My Chemical Romance,Pearl Jam,Metallica,Slipknot,Avenged Sevenfold,Linkin Park,System of a Down,Foo Fighters,Paramore,Mastodon,Three Days Grace,Mashup,3 Doors Down,Nickelback,Red Hot Chili Peppers,Taylor Swift,Black Eyed Peas,Eminem,36 Crazyfists,Punk Pop,Rock,Indie,Pop Rock,Hits Anos 90,Dia dos Namorados"
"McFly","Top 100 - Baladinhas","McBusted,The Maine,All Time Low,Jonas Brothers,Never Shout Never,Panic! At The Disco,Demi Lovato,blink-182,Simple Plan,Fresno,Green Day,Glee,Thirty Seconds To Mars,Taylor Swift,Miley Cyrus,Paramore,The Beatles,Nickelback,Pink,Nx Zero,Avenged Sevenfold,McFly,Busted,A Rocket To The Moon,A Day To Remember,The Pretty Reckless,He Is We,Plain White T's,Boys Like Girls,Owl City,Covers,Heartbreak,Halloween,Natal,Pop Rock,Light"
"Melanie","Top 100 under 3-minute songs","Arlo Guthrie,Richie Havens,The Shins,Joan Baez,Janis Joplin,Jimi Hendrix,Paula Fernandes,McFly,The Beatles,Rolling Stones,Creedence Clearwater Revival,Never Shout Never,Bert Sommer,John Sebastian,John Prine,Gordon Lightfoot,The Band,Etta James,Neil Young,Chuck Berry,Santana,Arnaldo Antunes,Bob Dylan,Elis Regina,The Who,Johnny Cash,Alice In Chains,Stephen Stills,Crosby, Stills and Nash (and Young),Cat Stevens,Natal,Indie,Flashback,Rock Clássico,Pop Rock,Light"
"Menomena","Best of 2012 (Top 100+)","¡forward, Russia!,Death From Above 1979,The Monkees,Elliott Smith,Cat Power,Ill Niño,Two Door Cinema Club,Projota,Lady Gaga,Strike,Nx Zero,David Guetta,Pitty,Fresno,Dead Fish,The Strokes,Ramones,Misfits,Incubus,CPM 22,Larrikin Love,Menomena,Caprice (rússia),Bromheads Jacket,The Rifles,40 Below Summer,Kill Radio,Avril Lavigne,Five For Fighting,Lifehouse,Temas de séries e desenhos,Rock - Das Raízes ao Progressivo,Flashback,Indie,todateen,MTV MIAW 2018"
"Merchandise","NME's Top 50 Tracks of 2014","Sertanejo Hits,Vagalume Vibe,Pop,Para Trabalhar,Lançamentos,Gospel"
"Messengers","Outside the Top 40: 1971",""
"Metallica","Top 888 of the 80's,Top 100 Tracks 2014,Music's Top 100 ICONS!,Metal Top 40","Megadeth,Motörhead,Rammstein,Black Sabbath,Led Zeppelin,Ozzy Osbourne,Iron Maiden,Kiss,Matanza,Scorpions,AC/DC,Pink Floyd,Slipknot,Nirvana,System of a Down,Pearl Jam,Queen,Guns N' Roses,Avenged Sevenfold,Aerosmith,Metallica,Anthrax,Slayer,Sepultura,Black Label Society,Judas Priest,Helloween,Pantera,Alice In Chains,Dream Theater,Rock - De Bowie ao século 21,Halloween,Músicas que fizeram história,Heavy Metal,Retrospectiva 2016,Lollapalooza Brasil 2017"
"Metric","Best of 2012 (Top 100+)","Uncle Kracker,The Wanted,Matt Wertz,The All-American Rejects,Plain White T's,Sum 41,The Killers,Muse,Kings Of Leon,Lifehouse,James Blunt,Train,Enrique Iglesias,Snow Patrol,John Mayer,Jason Mraz,Simple Plan,Paramore,Maroon 5,Avril Lavigne,Josh Kelley,Saving Abel,Metric,Christina Perri,Jordin Sparks,Leona Lewis,Miranda Cosgrove,James Morrison,Never Shout Never,Boys Like Girls,Indie,Country Hits,Liv,Light,Vagalume Vibe,Músicas para Relaxar"
"MFSB","Outside the Top 40: 1975,Outside the Top 40: 1974","Classic R&B,Sertanejo Hits,Gospel,Vagalume Vibe,Romântico,Lançamentos"
"MGMT","Top 100 Tracks 2013,Top 100 Tracks 2012,Top 100 Tracks 2011,Top 100 Tracks 2014","Arcade Fire,Phoenix,Foster The People,The Kooks,Radiohead,The Strokes,Florence And The Machine,Arctic Monkeys,The Killers,Muse,Kings Of Leon,Oasis,Los Hermanos,blink-182,Foo Fighters,The Beatles,Nirvana,Red Hot Chili Peppers,Maroon 5,Paramore,Interpol,MGMT,Beirut,Franz Ferdinand,Incubus,U2,Coldplay,Two Door Cinema Club,John Mayer,Pink Floyd,Indie Pop,Indie,Músicas que fizeram história,Nostalgia (anos 2000),Rock,Vagalume Vibe"
"Mirela","Salsa Top 100",""
"Misfits","Top 888 of the 80's","Danzig,Sex Pistols,Bad Religion,Motörhead,Ramones,Pantera,Megadeth,Rammstein,Matanza,Marilyn Manson,Kiss,Black Sabbath,The Offspring,Iron Maiden,Metallica,Raimundos,Nirvana,AC/DC,blink-182,Slipknot,Pearl Jam,Misfits,Howard Shore,Slayer,Alice In Chains,Ozzy Osbourne,Rolling Stones,Led Zeppelin,Pink Floyd,Aerosmith,Punk Rock,Halloween,Heavy Metal,Hard Rock,Rock Clássico,Sertanejo Hits"
"Moby","Top 100 Tracks 2011","Pearl Jam,Madonna,Coldplay,Oasis,Adele,Linkin Park,The Beatles,Red Hot Chili Peppers,U2,David Guetta,Lady Gaga,Black Eyed Peas,Rihanna,Katy Perry,Bruno Mars,Eddie Vedder,Temple Of The Dog,Alice In Chains,Audioslave,Led Zeppelin,Nirvana,Pink Floyd,Queen,Creed,The Strokes,Metallica,Iron Maiden,Aerosmith,Foo Fighters,System of a Down,Chillout Music,Covers,Heartbreak,Rock - De Bowie ao século 21,Músicas que fizeram história,Pop Rock"
"Modestep","Top 100 Tracks 2012","Skrillex,Example,Ed Sheeran,Korn,Calvin Harris,Bruno Mars,Katy Perry,Adele,Chris Brown,Rihanna,Pitbull,David Guetta,Avenged Sevenfold,Charlie Brown Jr,Slipknot,Linkin Park,Coldplay,blink-182,deadmau5,AVICII,Daft Punk,Foster The People,Swedish House Mafia,Arctic Monkeys,Far East Movement,Foo Fighters,LMFAO,SOJA (Soldiers of Jah Army),Eminem,System of a Down,Grammy 2017,Eletrônica,Festa de Formatura,Retrospectiva 2016,Sertanejo Hits,Vagalume Vibe"
"MoRo","Top 100 Bands Of 2012",""
"Morrissey","Top 888 of the 80's","The Smiths,Smashing Pumpkins,Belchior,Depeche Mode,The Cure,R.E.M.,Radiohead,The Strokes,Pink Floyd,Nirvana,Pearl Jam,Red Hot Chili Peppers,Los Hermanos,Oasis,U2,The Beatles,Coldplay,Legião Urbana,Guns N' Roses,Morrissey,Echo And The Bunnymen,Electronic,The The,Joy Division,The Doors,Ramones,Arctic Monkeys,The Killers,Foo Fighters,Placebo,Flashback,Indie,Heartbreak,Rock - De Bowie ao século 21,Músicas que fizeram história,#Deprê"
"Mud","Top 100 Tracks 2011","Phil Collins,The Beatles,Elvis Presley,Rihanna,Genesis,Foreigner,Chicago,INXS,Simply Red,Rod Stewart,Lionel Richie,Air Supply,Bee Gees,Elton John,Bryan Adams,Whitney Houston,Roxette,Céline Dion,Scorpions,Queen,Mariah Carey,Michael Jackson,Bon Jovi,U2,John Lennon,Paul McCartney,George Harrison,Ringo Starr,Rolling Stones,Led Zeppelin,Romântico,Pop Rock,Hits Anos 80,Flashback,Acústico,Rock Clássico"
"Murdock","Cr2 Records Presents: Top 100 Dance Tracks",""
"Muse","Top 100 Tracks 2013,Top 100 Tracks 2012,Top 100 Rock Songs of 2012,Top 100 Tracks 2011,Top 100 Tracks 2014","Radiohead,The Killers,The Strokes,Arctic Monkeys,U2,Panic! At The Disco,My Chemical Romance,Kings Of Leon,Nirvana,System of a Down,Foo Fighters,Metallica,Oasis,Los Hermanos,Pearl Jam,Green Day,Avenged Sevenfold,Thirty Seconds To Mars,Slipknot,Paramore,Muse,Pink Floyd,Coldplay,The Beatles,Red Hot Chili Peppers,Guns N' Roses,Linkin Park,Legião Urbana,Big Talk,Brandon Flowers,Hits - Antigos, mas nem tanto,Heartbreak,Lançamentos,Halloween,Pop Rock,Sexyback"
"Nameless","Top 100 Bands Of 2012","Turma do Printy,O Rappa,Aviões do Forró,Vanilda Bordieri,Suellen Lima,Daniel e Samuel,Matisyahu,Damares,Quase Anjos/Casi Angeles,Rosa de Saron,Kings Of Leon,Skank,Muse,System of a Down,Aline Barros,Cristina Mel,Diante do Trono,Roberto Carlos,Toquinho,Projota,Jayane,Sandrinha,Crianças Diante do Trono,Marcelo Nascimento,Mara Maravilha,Voices,Turma do Balão Mágico,Mara Lima,Músicas Católicas,Eyshila,Letras Conhecidas (Nacionais),Pop Rock Brasil,Acústico,Festa de Ano Novo,Músicas para Relaxar,Pop Rock"
"Nassi","Salsa Top 100","Sertanejo Hits,Gospel,Vagalume Vibe,Romântico,Lançamentos,Pop"
"Nause","Top 100 Tracks 2013","Bingo Players,Jessica Sutta,Eva Simons,Tim Berg,Duck Sauce,Afrojack,DJ Antoine,Alexandra Stan,Alex Gaudino,Swedish House Mafia,Jason Derulo,Cobra Starship,Taio Cruz,Dev,LMFAO,Pitbull,Flo Rida,Chris Brown,David Guetta,Britney Spears,Nause,AVICII,Tiko's Groove,Grupo Life,Nayer,Kelly Rowland,The Pussycat Dolls,Nicole Scherzinger,Nicki Minaj,Enrique Iglesias,Eletrônica,Férias,Festa de Formatura,Sexyback,Clima de Copa!,Sertanejo Hits"
"Nektar","Outside the Top 40: 1975","Hyubris,Koyote,Acid House Kings,Curved Air,Pizzicato Five,Van Morrison,Rainbow,Nena,The Monkees,Grand Funk Railroad,Yes,Genesis,Rush,The Doors,Pitbull,Britney Spears,U2,Pink Floyd,Legião Urbana,Rebeldes,Peter Hammill,Nektar,Forever Slave,Turisas,Goldfrapp,Wrecked Machines,Tuatha de Danann,Moonspell,João Marcos e Matheus,Lacrimosa,Romântico,Coffee Break,Light,Flashback,Rock Clássico,Festa de Ano Novo"
"NERO","Top 100 Tracks 2012,Top 100 Tracks 2011","Chase And Status,Feed Me,Dj Fresh,Skrillex,The Prototypes,Beirut,Lil Wayne,Cobra Starship,Dev,LMFAO,Jessie J,Nicki Minaj,Lady Gaga,Adele,Nicole Scherzinger,Coldplay,Black Eyed Peas,Chris Brown,Pitbull,David Guetta,Beyoncé,Jennifer Lopez,Britney Spears,Red Hot Chili Peppers,Sean Kingston,Kesha,Katy Perry,Rihanna,Maroon 5,Avril Lavigne,Eletrônica,Grammy 2017,Pop,Festa de Formatura,todateen,Sertanejo Hits"
"Nickelback","Tops,Top 100 Rock Songs of 2012","Creed,3 Doors Down,Lifehouse,Evanescence,Aerosmith,Simple Plan,Oasis,Bon Jovi,Foo Fighters,Green Day,Red Hot Chili Peppers,Linkin Park,Jason Mraz,Guns N' Roses,Avenged Sevenfold,Jack Johnson,Maroon 5,System of a Down,Colbie Caillat,Pink,Scott Stapp,Alter Bridge,Pearl Jam,Nickelback,Nirvana,Metallica,Slipknot,U2,Daughtry,Three Days Grace,Hits - Antigos, mas nem tanto,Romântico,Pop Rock,Festa de Ano Novo 2017,Monday,#Deprê"
"Nirvana","Tops,Top 100 - Baladinhas,Top 888 of the 80's,Top 100 Tracks 2013,Top 100 Tracks 2012,Top 100 Tracks 2011,Top 100 Tracks 2014,Amazingly Awesome Alternative Top 50,Music's Top 100 ICONS!,Top 100 under 3-minute songs","Hole,Courtney Love,Foo Fighters,Alice In Chains,Ramones,Led Zeppelin,Pearl Jam,Pink Floyd,Queen,System of a Down,Iron Maiden,Slipknot,Metallica,Raimundos,AC/DC,Guns N' Roses,Oasis,blink-182,Aerosmith,Red Hot Chili Peppers,Green Day,Avenged Sevenfold,Nirvana,The Distillers,Smashing Pumpkins,Placebo,Silverchair,The Kooks,Lily Allen,The Pretty Reckless,O Melhor de Nirvana,Covers,Rock - De Bowie ao século 21,Músicas que fizeram história,Hits Anos 90,Monday"
"NRBQ","Outside the Top 40: 1974","Sertanejo Hits,Gospel,Vagalume Vibe,Romântico,Para Trabalhar,Lançamentos"
"Oasis","Top 100 - Baladinhas,Tops,Music's Top 100 ICONS!","Arctic Monkeys,The Killers,The Strokes,Pearl Jam,Nirvana,Pink Floyd,Aerosmith,blink-182,Kings Of Leon,Foo Fighters,The Beatles,John Mayer,Green Day,Los Hermanos,Bon Jovi,Guns N' Roses,Metallica,U2,Jack Johnson,Engenheiros do Hawaii,Alex Turner,The Last Shadow Puppets,Franz Ferdinand,The Kooks,Ritz,MGMT,Foster The People,Muse,Panic! At The Disco,AC/DC,Rock - De Bowie ao século 21,Músicas que fizeram história,Pop Rock,Hits Anos 90,Monday,#Deprê"
"Oathbreaker","Metal Top 40","Sertanejo Hits,Vagalume Vibe,Pop,Para Trabalhar,Lançamentos,Gospel"
"ODESZA","Top 100 Future Bass Tracks On Spotify","Summer,Sertanejo Hits,Vagalume Vibe,Gospel,Pop,Para Trabalhar"
"OneRepublic","Top 100 Tracks 2014","Timbaland,The Fray,Snow Patrol,James Blunt,Lifehouse,Nickelback,Thirty Seconds To Mars,Green Day,Oasis,Jack Johnson,Maroon 5,Simple Plan,Jessie J,Foo Fighters,Colbie Caillat,Pink,Paramore,Linkin Park,Glee,Taylor Swift,Miley Cyrus,Nelly Furtado,Justin Timberlake,Keri Hilson,OneRepublic,The Pussycat Dolls,Flo Rida,Usher,Akon,Taio Cruz,Hits - Antigos, mas nem tanto,Covers,Férias,Heartbreak,Lançamentos,Festa de Formatura"
"Orleans","Outside the Top 40: 1975","Imagination,Badfinger,The Zombies,Bread,Paul McCartney,Avenged Sevenfold,Joss Stone,OneRepublic,Kool & The Gang,K.C. And The Sunshine Band,George Michael,Bee Gees,Scorpions,Madonna,Michael Jackson,Adele,The Hollies,George Harrison,David Bowie,The Who,Creedence Clearwater Revival,Rolling Stones,Bob Dylan,Led Zeppelin,Nirvana,Queen,Roberto Carlos,AC/DC,The Beatles,Pink Floyd,Power Pop,Músicas que fizeram história,Flashback,Rock Clássico,Acústico,Sertanejo Hits"
"Osibisa","Outside the Top 40: 1976","Sertanejo Hits,Gospel,Vagalume Vibe,Pop,Lançamentos,Romântico"
"OutKast","Top 100 Tracks 2013,Top 100 Tracks 2014","Christina Aguilera,Nirvana,blink-182,Eminem,Maroon 5,Red Hot Chili Peppers,System of a Down,Foo Fighters,Linkin Park,Chris Brown,Beyoncé,Coldplay,Glee,Black Eyed Peas,Nickelback,Paramore,Taylor Swift,David Guetta,Britney Spears,Lady Gaga,Kelly Clarkson,The Pussycat Dolls,Madonna,Mariah Carey,Evanescence,Amy Winehouse,Demi Lovato,Jennifer Lopez,Selena Gomez,Jessie J,Halloween,Músicas que fizeram história,Músicas Virais,Nostalgia (anos 2000),R&B,Hits - Antigos, mas nem tanto"
"Papayo","Salsa Top 100",""
"Paramore","Top 100 - Baladinhas","Hey Monday,All Time Low,Avril Lavigne,You Me At Six,The Pretty Reckless,June Divided,Panic! At The Disco,Demi Lovato,Evanescence,Simple Plan,Fresno,Pitty,Green Day,Thirty Seconds To Mars,Avenged Sevenfold,Selena Gomez,Taylor Swift,Linkin Park,Nickelback,Pink,Miley Cyrus,Slipknot,The Maine,Never Shout Never,Leona Lewis,McFly,My Chemical Romance,He Is We,Glee,Punk Pop,Hits - Antigos, mas nem tanto,Romântico,Breeze,Covers,Love Mixtape"
"Parliament","Outside the Top 40: 1975,Outside the Top 40: 1974","Funkadelic,A Wilhelm Scream,Marvin Gaye,Jorge Ben Jor,Jamiroquai,Lil Wayne,Red Hot Chili Peppers,Glee,Parliament/George Clinton,Interpol,Bad Religion,Joy Division,LIVE,Jimi Hendrix,Motörhead,Tim Maia,Creedence Clearwater Revival,The Doors,Ramones,Raul Seixas,The Strokes,Pink Floyd,Led Zeppelin,Pearl Jam,System of a Down,The Beatles,A-OK,Cigar,This Is A Standoff,Strike Anywhere,Classic R&B,Disco,Rock - Das Raízes ao Progressivo,Músicas que fizeram história,Sertanejo Hits,Vagalume Vibe"
"Passenger","Top 100 Tracks 2013,Top 100 Tracks 2014",""
"Patterns","Top 100 Bands Of 2012","Sertanejo Hits,Gospel,Vagalume Vibe,Romântico,Pop,Lançamentos"
"Pegase","2014 Top 50 Albums by soundofus.com","Sertanejo Hits,Vagalume Vibe,Gospel,Pop,Romântico,Lançamentos"
"Pelican","NPR Music's Top 100 Songs of 2013",""
"Phoenix","Top 100 Tracks 2013,Amazingly Awesome Alternative Top 50","Two Door Cinema Club,MGMT,Arcade Fire,The Kooks,Florence And The Machine,Franz Ferdinand,Foster The People,The Strokes,Arctic Monkeys,Muse,The Killers,John Mayer,Kings Of Leon,Los Hermanos,Pink Floyd,Oasis,Foo Fighters,The Beatles,Jack Johnson,Paramore,Matt and Kim,Bloc Party,Phoenix,Vampire Weekend,Never Shout Never,Panic! At The Disco,Maroon 5,Radiohead,blink-182,Nirvana,Pop Rock,Nostalgia (anos 2000),Vagalume Vibe,Indie,Lollapalooza Brasil 2017,Sertanejo Hits"
"Phosphorescent","NPR Music's Top 100 Songs of 2013","Don Williams,Linda Ronstadt,Emmylou Harris,The Swell Season,Mumford & Sons,Garbage,Birdy,Glee,Tiê,Pikeno e Menor,Bruno Mars,Katy Perry,Miley Cyrus,The Black Keys,Natalie Imbruglia,Stereophonics,The Smiths,Placebo,Death Cab For Cutie,Red Hot Chili Peppers,John Prine,Robert Cray,Gordon Lightfoot,Waylon Jennings,George Strait,Joan Baez,Donovan,Kenny Rogers,Fleetwood Mac,Johnny Cash,Country Clássicos,Flashback,Light,Vagalume Vibe,Acústico,Sertanejo Hits"
"Pilot","Outside the Top 40: 1975,Outside the Top 40: 1976","Gary Stewart,Loggins And Messina,She & Him,Pink Floyd,Red Hot Chili Peppers,The Beatles,Michael Jackson,Queen,Selena Gomez,Carmen Rasmusen,Supreme Beings Of Leisure,Pilot,Country Strong (trilha Sonora),Prince,Bruno Mars,Glee,Leighton Meester,McFly,Guns N' Roses,Paula Fernandes,Goo Goo Dolls,The Buckinghams,Labelle,The Postmarks,Joe Jeffrey Group,The Guess Who,Steely Dan,Eric Carmen,Don McLean,Músicas Gospel,Natal,Clássicos de Natal,Coffee Break,Indie,O Melhor de Pink Floyd,Monday"
"Pixies","Top 888 of the 80's,Top 100 under 3-minute songs","The Smiths,David Bowie,The Cure,Radiohead,R.E.M.,Ramones,Rolling Stones,Pink Floyd,Led Zeppelin,Arctic Monkeys,The Killers,Nirvana,The Strokes,Pearl Jam,AC/DC,The Beatles,Oasis,Metallica,U2,Green Day,Morrissey,Echo And The Bunnymen,Electronic,The The,Joy Division,Depeche Mode,The Doors,Los Hermanos,Foo Fighters,Legião Urbana,Rock - De Bowie ao século 21,Músicas que fizeram história,Rock,Indie,Heartbreak,Sertanejo Hits"
"PK","Top 100 Bands Of 2012",""
"Poco","Outside the Top 40: 1975,Outside the Top 40: 1976","Jayhawks,The Feeling,Donovan,Neil Young,Pete Murray,Phil Collins,The Who,RBD,Adele,Glee,Paula Fernandes,Legião Urbana,System of a Down,Slipknot,Bruno Mars,Gene Clark,Poco,The Thrills,Modest Mouse,David Gray,BB King,Iron & Wine,Little Joy,Norah Jones,Joss Stone,Amy Winehouse,Kings Of Leon,Os Paralamas do Sucesso,John Mayer,Guns N' Roses,Indie,Músicas que fizeram história,Rock Clássico,Acústico,Sertanejo Hits,Vagalume Vibe"
"Pond","Best of 2012 (Top 100+)","Sertanejo Hits,Gospel,Vagalume Vibe,Romântico,Pop,Lançamentos"
"Prelude","Outside the Top 40: 1975","Sertanejo Hits,Gospel,Vagalume Vibe,Romântico,Pop,Para Trabalhar"
"Prince","Music's Top 100 ICONS!","Elvis Presley,Madonna,Queen,Michael Jackson,Bon Jovi,Glee,Guns N' Roses,U2,The Beatles,Adele,Coldplay,Beyoncé,Rihanna,Katy Perry,Bruno Mars,Jerry Lee Lewis,Chuck Berry,Roy Orbison,Johnny Cash,John Lennon,Elton John,Rolling Stones,Aerosmith,Legião Urbana,Avril Lavigne,Lady Gaga,Paula Fernandes,Nicki Minaj,Christina Aguilera,Pitbull,Classic R&B,Romântico,Covers,Rock - De Bowie ao século 21,Músicas que fizeram história,Hits Anos 80"
"Projota","Tops 1","Rashid,Emicida,Kamau,Pentágono,Slim Rimografia,Rael,Flora Matos,Terceira Safra,Criolo,Mc Marechal,Shawlin,Racionais Mc's,MV Bill,ConeCrewDiretoria,Black Alien,Marcelo D2,Sabotage,C4bal,Axl,Projota,Oriente,Sorriso Maroto,Eminem,Adele,Luan Santana,Charlie Brown Jr,ExaltaSamba,Bruno Mars,O Rappa,SOJA (Soldiers of Jah Army),Pop Nacional,Retrospectiva 2016,Festa de Ano Novo,Rap Nacional,todateen,MTV MIAW 2018"
"Protomartyr","NME's Top 50 Tracks of 2014","Sertanejo Hits,Gospel,Romântico,Vagalume Vibe,Pop,Lançamentos"
"Queen","Top 100 - Baladinhas,Music's Top 100 ICONS!","Freddie Mercury,Kiss,Scorpions,Rolling Stones,Led Zeppelin,Pink Floyd,Elvis Presley,Iron Maiden,Pearl Jam,AC/DC,Aerosmith,The Beatles,Nirvana,Metallica,Michael Jackson,Guns N' Roses,Bon Jovi,Oasis,Green Day,U2,Queen,Bee Gees,Whitney Houston,Elton John,Red Hot Chili Peppers,Coldplay,Glee,Legião Urbana,Adele,Paula Fernandes,O Melhor de Queen,Rock - Das Raízes ao Progressivo,Festa de Formatura,Músicas que fizeram história,Natal,Hits Anos 80"
"Radiohead","Top 100 Tracks 2011,Music's Top 100 ICONS!","The Strokes,Muse,The Killers,Pearl Jam,Arctic Monkeys,Pink Floyd,Oasis,Nirvana,Coldplay,Los Hermanos,The Beatles,Foo Fighters,Red Hot Chili Peppers,Metallica,System of a Down,U2,Green Day,Guns N' Roses,Linkin Park,Legião Urbana,Franz Ferdinand,Julian Casablancas (and The Voidz),White Stripes,Little Joy,Ritz,The Kooks,Radiohead,Kings Of Leon,blink-182,AC/DC,Experimental,Músicas que fizeram história,Retrospectiva 2016,Grammy 2017,Pop Rock,Hits Anos 90"
"Ramones","Music's Top 100 ICONS!,Top 100 under 3-minute songs",""
"Rapsody","NPR Music's Top 100 Songs of 2013",""
"Redbone","Outside the Top 40: 1974","Sertanejo Hits,Vagalume Vibe,Pop,Para Trabalhar,Lançamentos,Gospel"
"Redlight","Cr2 Records Presents: Top 100 Dance Tracks",""
"Refused","Amazingly Awesome Alternative Top 50","The (International) Noise Conspiracy,Grupo Moxuara,Descendents,Skore,Fistt,Mukeka di Rato,Rogério Skylab,Jimmy Eat World,Deftones,Mötley Crüe,Arch Enemy,R.E.M.,Rise Against,Skid Row,Janis Joplin,A Day To Remember,Raimundos,Incubus,Arctic Monkeys,Foo Fighters,Kortatu,Gluecifer,One Day As A Lion,Ima Robot,Refused,Projeto Peixe Morto,Against Me!,Hard-fi,Street Bulldogs,Primal Scream,Punk Rock,Punk Pop,Summer,Músicas que fizeram história,Músicas para Relaxar,Sertanejo Hits"
"Rhye","Top 100 Bands Of 2012,NPR Music's Top 100 Songs of 2013","Sertanejo Hits,Vagalume Vibe,Para Trabalhar,Pop,Gospel,Lançamentos"
"RIDSA","Salsa Top 100","Sertanejo Hits,Gospel,Vagalume Vibe,Pop,Romântico,Lançamentos"
"Rihanna","Tops 1,Tops,Top 100 Tracks 2013","Lady Gaga,Beyoncé,Katy Perry,Britney Spears,Kesha,KHarlles,Nicki Minaj,Pitbull,Jennifer Lopez,Jessie J,Selena Gomez,Chris Brown,Eminem,Shakira,Pink,Demi Lovato,Justin Bieber,David Guetta,Miley Cyrus,Colbie Caillat,Maroon 5,Black Eyed Peas,Kylie Minogue,Rihanna,Tony Bennett & Lady Gaga,Madonna,Glee,Evanescence,Paramore,Destiny's Child,O Melhor de Rihanna,Hits - Antigos, mas nem tanto,Férias,Love Mixtape,Heartbreak,Retrospectiva 2016"
"Ripple","Outside the Top 40: 1974","Sertanejo Hits,Gospel,Vagalume Vibe,Romântico,Lançamentos,Pop"
"Rockhead","Top 100 under 3-minute songs",""
"Rustie","Top 100 Future Bass Tracks On Spotify","Sertanejo Hits,Vagalume Vibe,Para Trabalhar,Gospel,Pop,Lançamentos"
"Santana","Outside the Top 40: 1974","Maná,Aerosmith,Pearl Jam,Metallica,Queen,Nickelback,Bon Jovi,Guns N' Roses,Red Hot Chili Peppers,Foo Fighters,Coldplay,The Beatles,U2,Maroon 5,Shakira,Linkin Park,Glee,Charlie Brown Jr,Beyoncé,Avril Lavigne,Juanes,Alejandro Sanz,Laura Pausini,Skank,Evanescence,Legião Urbana,Adele,Paula Fernandes,Gusttavo Lima,Katy Perry,Rock - De Bowie ao século 21,Músicas que fizeram história,Pop Rock,Nostalgia (anos 2000),Clima de Copa!,Rock Clássico"
"Savatage","Top 888 of the 80's","Trans-Siberian Orchestra,Fates Warning,Jon Oliva's Pain,Circle II Circle,Symphony X,Iced Earth,Manowar,Rhapsody of Fire,Blind Guardian,Megadeth,Stratovarius,Judas Priest,Rush,Helloween,Dream Theater,Whitesnake,Skid Row,Van Halen,Rammstein,Angra,Ozzy Osbourne,Black Sabbath,Iron Maiden,Savatage,Requiem,Ayreon,Matthew West,Mercyful Fate,Therion,Kamelot,Heavy Metal,Hard Rock,Rock,Rock Clássico,Sertanejo Hits,Vagalume Vibe"
"Scorpions","Top 100 - Baladinhas","Bryan Adams,Ozzy Osbourne,Kiss,Roxette,Queen,Led Zeppelin,Pink Floyd,Iron Maiden,AC/DC,Metallica,Guns N' Roses,Nirvana,Aerosmith,Bon Jovi,Pearl Jam,System of a Down,Slipknot,Oasis,The Beatles,U2,Air Supply,Phil Collins,Bee Gees,Shania Twain,Elton John,Céline Dion,Scorpions,Whitney Houston,Mariah Carey,Coldplay,Romântico,Heavy Metal,Hits Anos 80,Hard Rock,#Deprê,Rock"
"Seether","Top 100 Rock Songs of 2012","Three Days Grace,Papa Roach,Evanescence,Creed,Nirvana,3 Doors Down,Slipknot,Pearl Jam,blink-182,Lifehouse,System of a Down,Metallica,Avenged Sevenfold,Foo Fighters,Thirty Seconds To Mars,Nickelback,Green Day,Bon Jovi,Linkin Park,Red Hot Chili Peppers,Breaking Benjamin,Skillet,Bullet For My Valentine,Stone Sour,The Offspring,Sum 41,My Chemical Romance,Korn,Limp Bizkit,Disturbed,Nostalgia (anos 2000),Rock,Rock Ballads,Heartbreak,#Deprê,Halloween"
"Selena","Tops","Thalía,Roxette,Laura Pausini,Céline Dion,Whitney Houston,Christina Aguilera,Restart,Mariah Carey,Shakira,Selena Gomez,Demi Lovato,Jennifer Lopez,Lady Gaga,Adele,Taylor Swift,Paula Fernandes,Rihanna,Beyoncé,Britney Spears,Glee,Maná,Alejandro Sanz,Dulce María,Anahí,Ricky Martin,Madonna,RBD,Rebeldes,Ana Carolina,Miley Cyrus,Latina,Reggaeton,Hits Anos 80,#Deprê,Flashback,Hits Anos 90"
"Sevag","Cr2 Records Presents: Top 100 Dance Tracks",""
"Seye","Top 100 Bands Of 2012",""
"Shamir","NME's Top 50 Tracks of 2014","Sertanejo Hits,Vagalume Vibe,Gospel,Pop,Lançamentos,Para Trabalhar"
"Shearwater","Best of 2012 (Top 100+)","Frightened Rabbit,Okkervil River,Queen,Elvis Presley,Paul McCartney,Thirty Seconds To Mars,Jorge e Mateus,Cobra Starship,Emicida,Britney Spears,Toto,Legião Urbana,Lulu Santos,Elton John,Beck,Cazuza,Engenheiros do Hawaii,Europe,Lasgo,Led Zeppelin,We Were Promised Jetpacks,The Thermals,Spoon,The Shins,Bon Iver,Huey Lewis And The News,Band Of Horses,The National,The Temper Trap,Franz Ferdinand,Rock - Das Raízes ao Progressivo,Festa de Formatura,Músicas que fizeram história,Natal,O Melhor de Queen,Hits Anos 80"
"Sheila","Top 888 of the 80's","Mireille Mathieu,Chic,ABBA,Avril Lavigne,Nana Mouskouri,Salvatore Adamo,Françoise Hardy,Mozart,Dalida,Nat King Cole,Edith Piaf,Charles Aznavour,Julio Iglesias,Carla Bruni,Céline Dion,Roberto Carlos,Michael Jackson,The Beatles,Adele,Earth, Wind And Fire,Boney M,Kool & The Gang,K.C. And The Sunshine Band,Donna Summer,Barry White,Gloria Gaynor,Marvin Gaye,Stevie Wonder,Bee Gees,Creedence Clearwater Revival,Classic R&B,Disco,Rock - De Bowie ao século 21,Músicas que fizeram história,Lançamentos,Festa de Formatura"
"Shinedown","Top 100 Rock Songs of 2012","Alter Bridge,Daughtry,Seether,Skillet,Stone Sour,Breaking Benjamin,Three Days Grace,Papa Roach,Creed,Slipknot,3 Doors Down,System of a Down,Avenged Sevenfold,AC/DC,Foo Fighters,Metallica,Green Day,Nickelback,Oasis,Bon Jovi,Scott Stapp,Disturbed,Audioslave,Bullet For My Valentine,Iron Maiden,Pearl Jam,Thirty Seconds To Mars,blink-182,Nirvana,Aerosmith,Hardcore & Metalcore,Rock,Pop Rock,Light,Acústico,Sertanejo Hits"
"Shontelle","Tops","Christina Perri,Nicole Scherzinger,Jessie J,Demi Lovato,Selena Gomez,Kelly Clarkson,Chris Brown,Pink,Taylor Swift,Miley Cyrus,Jennifer Lopez,Nickelback,Glee,Colbie Caillat,Shakira,Beyoncé,Justin Bieber,Kesha,Paramore,Britney Spears,James Blunt,Lifehouse,Lady Antebellum,He Is We,Jason Mraz,John Mayer,Evanescence,Simple Plan,Maroon 5,The Pussycat Dolls,R&B,Hits - Antigos, mas nem tanto,Romântico,Love Mixtape,Heartbreak,Natal"
"Sia","Tops 1,Tops,Top 100 under 3-minute songs","Saga Crepúsculo,Florence And The Machine,Flo Rida,Adele,Nicki Minaj,LMFAO,Black Eyed Peas,Maroon 5,Pitbull,Demi Lovato,Coldplay,Chris Brown,Glee,Paramore,Lady Gaga,Jessie J,Linkin Park,David Guetta,Taylor Swift,Britney Spears,Robert Pattinson,Christina Perri,Muse,Temas de Filmes,Evanescence,Selena Gomez,Justin Bieber,Rebeldes,Miley Cyrus,Nickelback,Heartbreak,Indie Pop,Festa de Formatura,Natal,Retrospectiva 2016,Festa de Ano Novo"
"Silverstein","Metal Top 40","Story Of The Year,Asking Alexandria,Escape The Fate,A Day To Remember,Bullet For My Valentine,Rise Against,Gloria,Papa Roach,Three Days Grace,Slipknot,blink-182,Sum 41,Avenged Sevenfold,Fresno,Forfun,Simple Plan,Foo Fighters,System of a Down,Green Day,Linkin Park,The Used,The Offspring,Yellowcard,Thirty Seconds To Mars,The Word Alive,Attack Attack!,Sleeping With Sirens,Falling In Reverse,Blessthefall,Eyes Set To Kill,Punk Pop,Rock,Halloween,Natal,Retrospectiva 2016,Sertanejo Hits"
"Skrillex","Top 100 Tracks 2013,Top 100 Tracks 2012,Top 100 Tracks 2011","deadmau5,AVICII,Daft Punk,Foster The People,Swedish House Mafia,Arctic Monkeys,Far East Movement,Foo Fighters,Pitbull,Korn,LMFAO,SOJA (Soldiers of Jah Army),Eminem,Chris Brown,System of a Down,ConeCrewDiretoria,David Guetta,Avenged Sevenfold,Slipknot,Linkin Park,Above & Beyond,Paul Van Dyk,Kaskade,Gui Boratto,Skrillex,Infected Mushroom,Tiësto,DJ Antoine,Calvin Harris,Armin Van Buuren,Grammy 2017,Eletrônica,Festa de Formatura,Para Trabalhar,Para Viajar,Sertanejo Hits"
"Skrux","Top 100 Future Bass Tracks On Spotify","Sertanejo Hits,Vagalume Vibe,Gospel,Pop,Para Trabalhar,Lançamentos"
"Slaves","NME's Top 50 Tracks of 2014","Sertanejo Hits,Vagalume Vibe,Pop,Para Trabalhar,Lançamentos,Gospel"
"Slayer","Top 888 of the 80's","Kreator,Anthrax,Black Label Society,Megadeth,Sepultura,Judas Priest,Pantera,Motörhead,Helloween,Black Sabbath,Rammstein,Ozzy Osbourne,Iron Maiden,Matanza,Kiss,Metallica,Led Zeppelin,Slipknot,AC/DC,Pink Floyd,Evile,Sodom,Exodus,Death,Testament,Cannibal Corpse,Dimmu Borgir,Slayer,Dio,Disturbed,Halloween,Heavy Metal,Grammy 2017,Hard Rock,Rock,Sertanejo Hits"
"Soundgarden","Top 100 Rock Songs of 2012,Amazingly Awesome Alternative Top 50","Chris Cornell,Temple Of The Dog,Audioslave,Pearl Jam,Alice In Chains,Wisin Y Yandel,Lasgo,Stone Temple Pilots,Tiësto,The Wanted,One Direction,Nirvana,Colbie Caillat,Shakira,Justin Bieber,System of a Down,Maroon 5,Metallica,Foo Fighters,Aerosmith,Guns N' Roses,U2,Soundgarden,Pink Floyd,Arctic Monkeys,John Mayer,Oasis,Bon Jovi,Avenged Sevenfold,The Beatles,Rock - De Bowie ao século 21,Hits Anos 90,Rock,Rock Ballads,Hard Rock,Sertanejo Hits"
"Staind","Top 100 Rock Songs of 2012","Art Of Dying,Taking Back Sunday,Theory Of A Deadman,Seether,Breaking Benjamin,Skillet,Papa Roach,Audioslave,Three Days Grace,Goo Goo Dolls,Incubus,Creed,Pearl Jam,3 Doors Down,My Chemical Romance,blink-182,Kings Of Leon,U2,Foo Fighters,Lifehouse,Mastodon,Black Veil Brides,Staind,Mashup,Slipknot,Nickelback,Paramore,Red Hot Chili Peppers,Linkin Park,Taylor Swift,Rock Ballads,Punk Pop,Rock,Sertanejo Hits,Vagalume Vibe,Para Trabalhar"
"Stereophonics","Amazingly Awesome Alternative Top 50","Radiohead,Snow Patrol,The Killers,The Strokes,Muse,Arctic Monkeys,Oasis,Pearl Jam,Foo Fighters,John Mayer,Kings Of Leon,U2,Los Hermanos,Coldplay,The Beatles,Jack Johnson,Maroon 5,Red Hot Chili Peppers,Legião Urbana,Charlie Brown Jr,Pink Floyd,Nirvana,Metallica,System of a Down,Green Day,Guns N' Roses,Linkin Park,Stone Sour,The Fray,Lifehouse,Covers,Indie,Experimental,Músicas que fizeram história,Retrospectiva 2016,Grammy 2017"
"Sting","Top 888 of the 80's","The Police,Rod Stewart,Phil Collins,Elton John,Bryan Adams,Queen,Adele,U2,Bon Jovi,Coldplay,The Beatles,Red Hot Chili Peppers,Legião Urbana,Rihanna,Katy Perry,Bruno Mars,Andy Summers & Fernanda Takai,Sting,Rolling Stones,Scorpions,Pink Floyd,Led Zeppelin,Pearl Jam,AC/DC,blink-182,Oasis,Aerosmith,Nirvana,Guns N' Roses,Foo Fighters,Flashback,Acústico,Romântico,Rock - De Bowie ao século 21,Músicas que fizeram história,Hits Anos 80"
"Stromae","NPR Music's Top 100 Songs of 2013","Swedish House Mafia,Edward Maya,Far East Movement,Pitbull,LMFAO,Taio Cruz,Enrique Iglesias,Usher,Jennifer Lopez,Jessie J,David Guetta,Chris Brown,Eminem,Flo Rida,Shakira,Kesha,Black Eyed Peas,Linkin Park,Britney Spears,Lady Gaga,John Martin,DJ Antoine,Afrojack,Armin Van Buuren,Alex Gaudino,Dev,Simple Plan,Mohombi,Akcent,Martin Solveig,Hits - Antigos, mas nem tanto,Adrenalina,Para Animar,Eletrônica,Acústico,Pop"
"Sublime","Top 100 - Baladinhas","Sublime With Rome,Slightly Stoopid,Pepper,Long Beach Dub Allstars,311,Donavon Frankenreiter,Planet Hemp,Bob Marley,The Offspring,SOJA (Soldiers of Jah Army),The Strokes,Jack Johnson,Raimundos,Arctic Monkeys,ConeCrewDiretoria,blink-182,Pearl Jam,Forfun,Nirvana,O Rappa,Natiruts,Jason Mraz,Oasis,Los Hermanos,Foo Fighters,Sublime,Dirty Heads,Goldfinger,Wiz Khalifa,Rage Against The Machine,Para Viajar,Breeze,Surf & Relax,Vagalume Vibe,Summer,Acústico"
"Subtact","Top 100 Future Bass Tracks On Spotify",""
"Suede","NPR Music's Top 100 Songs of 2013","Mother Love Bone,The Jesus and Mary Chain,Supergrass,Symphony X,Mumford & Sons,Morrissey,Supertramp,The Smiths,David Bowie,ABBA,Rita Lee,The Cure,Backstreet Boys,Radiohead,Snow Patrol,Kings Of Leon,Michael Jackson,Nirvana,Oasis,U2,Temple Of The Dog,Soundgarden,Pearl Jam,Alice In Chains,Suede,Melvins,Charon,The National,The Libertines,Mudhoney,Rock - De Bowie ao século 21,Britpop,Indie,Covers,Rock,Sertanejo Hits"
"Survivor","Top 100 Tracks 2011","Journey,Europe,Kansas,Whitesnake,Scorpions,Queen,AC/DC,Iron Maiden,Pink Floyd,Aerosmith,Bon Jovi,Michael Jackson,Guns N' Roses,Metallica,System of a Down,U2,The Beatles,Red Hot Chili Peppers,Linkin Park,Legião Urbana,Asia,Survivor,Van Halen,Kiss,Glee,Skid Row,Bryan Adams,Roxette,Led Zeppelin,Slipknot,Hits Anos 80,Monday,Rock Ballads,Flashback,Para Animar,Sertanejo Hits"
"Switchfoot","Top 100 Rock Songs of 2012","BarlowGirl,Third Day,Jeremy Camp,Casting Crowns,Mandy Moore,Skillet,Hillsong United,Lifehouse,John Mayer,Coldplay,Nickelback,Linkin Park,Red Hot Chili Peppers,Paramore,Glee,Taylor Swift,Adele,Avril Lavigne,Charlie Brown Jr,Paula Fernandes,Superchic[k],Krystal Meyers,Britt Nicole,Stacie Orrico,Brooke Fraser,Kari Jobe,Fireflight,Jesus Culture,12 Stones,Flyleaf,Gospel Internacional,Breeze,Gospel,Pop Rock,#Deprê,Sertanejo Hits"
"Tekno","Salsa Top 100",""
"Tensnake","Cr2 Records Presents: Top 100 Dance Tracks",""
"TOY","Top 100 Bands Of 2012","Sertanejo Hits,Vagalume Vibe,Gospel,Pop,Para Trabalhar,Lançamentos"
"Train","Top 100 - Baladinhas,Top 100 Tracks 2013,Top 100 Tracks 2012","Five For Fighting,3 Doors Down,The Script,Pat Monahan,Matchbox Twenty,James Blunt,Lady Antebellum,Lifehouse,John Mayer,Jason Mraz,Colbie Caillat,Simple Plan,Jack Johnson,Maroon 5,Taylor Swift,Justin Bieber,Nickelback,Jessie J,Kesha,Shakira,Pink,Miley Cyrus,Glee,Paramore,Black Eyed Peas,Boyce Avenue,Kings Of Leon,Creed,Foo Fighters,Coldplay,Lançamentos,Natal,Festa de Ano Novo,Músicas para Relaxar,Pop Rock,Hits Anos 90"
"Tribalistas","Tops","Marisa Monte,Adriana Calcanhotto,Caetano Veloso,Vanessa da Mata,Kid Abelha,Lulu Santos,Djavan,Titãs,Cássia Eller,Cazuza,Os Paralamas do Sucesso,Nando Reis,Skank,Jota Quest,Los Hermanos,Maria Gadú,Ana Carolina,Pitty,Ivete Sangalo,Capital Inicial,Tribalistas,Arnaldo Antunes,Carlinhos Brown,Maria Rita,Jorge Vercillo,Lenine,Chico Buarque,Seu Jorge,Roberto Carlos,Leoni,MPB,Letras Conhecidas (Nacionais),Love Mixtape,Retrospectiva 2016,Músicas para Jantar a Dois,Sertanejo Hits"
"Tritonal","Cr2 Records Presents: Top 100 Dance Tracks","Sertanejo Hits,Vagalume Vibe,Pop,Para Trabalhar,Lançamentos,Gospel"
"Trivium","Metal Top 40","In Flames,As I Lay Dying,All That Remains,Lamb Of God,Sepultura,Killswitch Engage,Atreyu,Slayer,Dream Theater,Stone Sour,Pantera,Bullet For My Valentine,Disturbed,A Day To Remember,Megadeth,Rammstein,Korn,Angra,Incubus,Iron Maiden,Trivium,Dimmu Borgir,Mudvayne,Helloween,Rise Against,Within Temptation,Nightwish,Ozzy Osbourne,Matanza,Metallica,Hardcore & Metalcore,Heavy Metal,Grammy 2017,Rock Ballads,Rock,Light"
"Txarango","Salsa Top 100","Sertanejo Hits,Vagalume Vibe,Pop,Para Trabalhar,Gospel,Lançamentos"
"Typhoon","NPR Music's Top 100 Songs of 2013","Blue Rodeo,Marcelo Augusto,Celtic Woman,Ella Fitzgerald,Paula Fernandes,João Bosco e Vinícius,Taylor Swift,Luan Santana,Selena Gomez,Glee,Rihanna,Fernandinho,Turma do Pagode,Jeito Moleque,The Strokes,Avril Lavigne,Slipknot,Metallica,Coldplay,He Is We,The Hooters,Peter Fox,Rockwell,Supergrass,Gary Moore,The Fratellis,Phoenix,Matisyahu,Dave Matthews Band,Pentágono,Flashback,Jazz,Breeze,Férias,Love Mixtape,Heartbreak"
"Usher","Tops","Ne-yo,Nelly,50 Cent,Flo Rida,Taio Cruz,Akon,Pitbull,Far East Movement,Enrique Iglesias,Chris Brown,LMFAO,Eminem,Justin Bieber,Jennifer Lopez,David Guetta,Jessie J,Shakira,Kesha,Black Eyed Peas,Maroon 5,Justin Timberlake,Usher,Mariah Carey,Nickelback,Colbie Caillat,Beyoncé,Pink,B.o.B,Lil Wayne,Linkin Park,Heartbreak,Pop Anos 90,Sexyback,R&B,Hits - Antigos, mas nem tanto,Sertanejo Hits"
"Valaire","The Top 100 Remixes of 2013",""
"Vengeance","Top 888 of the 80's","Elba Ramalho,ExaltaSamba,Gusttavo Lima,Adele,Jorge e Mateus,Paula Fernandes,Rihanna,Tião Carreiro e Pardinho,Los Hermanos,Whitesnake,Iron Maiden,Capital Inicial,Bruno Mars,O Grande Encontro,Dominguinhos,Geraldo Azevedo,Flávio José,Luiz Gonzaga,Alceu Valença,Mastruz Com Leite,Fagner,Zé Ramalho,Gilberto Gil,Maria Bethânia,Elis Regina,Falamansa,Chico Buarque,Caetano Veloso,Roberto Carlos,Roupa Nova,MPB,Sertanejo Sofrência,Sertanejo Hits,Heartbreak,Retrospectiva 2016,Festa de Ano Novo"
"Venom","Top 888 of the 80's","Bathory,Cannibal Corpse,Kreator,Ratos de Porão,Dio,Dimmu Borgir,Cradle of Filth,Slayer,Sepultura,Alice Cooper,Judas Priest,Motörhead,Megadeth,Pantera,Angra,Black Sabbath,Ozzy Osbourne,Iron Maiden,Matanza,Led Zeppelin,1349,Carpathian Forest,Emperor,Darkthrone,Belphegor,Heidevolk,Satyricon,Mayhem,In Extremo,Burzum,Heavy Metal,Halloween,Músicas que fizeram história,Hard Rock,Sertanejo Hits,Vagalume Vibe"
"Vitalic","The Top 100 Remixes of 2013","Howard Shore,Delphic,Roger Waters,Jeff Buckley,Banda Cavalo de Pau,Arctic Monkeys,Glee,Evanescence,Rolling Stones,Vanessa da Mata,Red Hot Chili Peppers,Roberto Carlos,Marilyn Manson,Jorge Ben Jor,System of a Down,Pearl Jam,Black Eyed Peas,AC/DC,The Beatles,Dev,Cirith Ungol,Minas Morgul,Danzig,Epica,Enya,Blind Guardian,Angra,Ten,Maria Rita,Rammstein,Covers,Love Mixtape,Monday,Adrenalina,Foca no Estudo,O Melhor de Arctic Monkeys"
"VOLA","Metal Top 40","Sertanejo Hits,Gospel,Vagalume Vibe,Lançamentos,Para Trabalhar,Pop"
"Volbeat","Top 100 Rock Songs of 2012","Chrome Division,Pain,Crashdïet,Social Distortion,Anthrax,Bruce Dickinson,Maldita,Motörhead,Johnny Cash,Atreyu,Bad Religion,Black Label Society,Misfits,Skid Row,Rammstein,Disturbed,Alice In Chains,Matanza,Stone Sour,The Offspring,Die Ärzte,Volbeat,Oomph,Otep,Murderdolls,Jorn Lande,Deathstars,Moonspell,Children Of Bodom,Arch Enemy,Heavy Metal,Halloween,Músicas que fizeram história,Hard Rock,Rock,Sertanejo Hits"
"Warpaint","NME's Top 50 Tracks of 2014","Blonde Redhead,Twin Shadow,Bon Iver,Foals,John Frusciante,The National,Billie Holiday,Lykke Li,Sonic Youth,The XX,Phoenix,The Runaways,Arcade Fire,Lana Del Rey,The Kooks,Radiohead,Muse,Arctic Monkeys,Kings Of Leon,The Strokes,Zeigeist,Tindersticks,Wild Beasts,Kele,Dizzee Rascal,Deerhunter,Warpaint,She Wants Revenge,The Knife,Emilie Simon,Folk,Grammy 2017,Músicas para Relaxar,Indie,Sertanejo Hits,Vagalume Vibe"
"Weezer","Top 100 under 3-minute songs","Rivers Cuomo,Snow Patrol,Incubus,Arctic Monkeys,The Strokes,My Chemical Romance,The Killers,blink-182,Kings Of Leon,Foo Fighters,Nirvana,U2,Green Day,Aerosmith,Oasis,Eminem,Jack Johnson,The Beatles,Nickelback,Bon Jovi,System of a Down,Weezer,B.o.B,Miranda Cosgrove,CPM 22,Simple Plan,Chris Brown,Miley Cyrus,Kesha,Paramore,Breeze,Covers,Natal,Grammy 2017,Pop Rock,Hits Anos 90"
"Westlife","Top 100 - Baladinhas","Five,*NSYNC,Backstreet Boys,Céline Dion,Whitney Houston,Mariah Carey,Bon Jovi,Nickelback,Colbie Caillat,Glee,Shakira,Taylor Swift,Maroon 5,Miley Cyrus,Avril Lavigne,Coldplay,Beyoncé,Adele,Britney Spears,Lady Gaga,Westlife,Spice Girls,Christina Aguilera,Simple Plan,Justin Bieber,Evanescence,Linkin Park,Katy Perry,Rihanna,Bruno Mars,Pop Anos 90,Love Mixtape,Natal,Hits Anos 90,Nostalgia (anos 2000),Sertanejo Hits"
"Whitesnake","Top 100 - Baladinhas","David Coverdale,Rainbow,Deep Purple,Def Leppard,Mr. Big,Skid Row,Judas Priest,Van Halen,Kiss,Scorpions,Black Sabbath,Ozzy Osbourne,Led Zeppelin,Iron Maiden,Queen,Pink Floyd,Aerosmith,Pearl Jam,AC/DC,Bon Jovi,Metallica,Guns N' Roses,U2,The Beatles,Whitesnake,Elvis Presley,Adele,Dio,Slayer,Motörhead,Romântico,Rock - De Bowie ao século 21,Heavy Metal,Hits Anos 80,Hard Rock,Rock"
"Wintersleep","Best of 2012 (Top 100+)","Luiz Melodia,U2,Mr. Catra,Beyoncé,David Guetta,Panic! At The Disco,Chris Brown,Taylor Swift,Adele,Los Hermanos,Charlie Brown Jr,Calcinha Preta,The Smiths,Metallica,Linkin Park,Coldplay,Os Paralamas do Sucesso,Silverchair,Legião Urbana,Katy Perry,Emílio Santiago,Cartola,Paulinho Moska,Jorge Ben Jor,Gilberto Gil,Milton Nascimento,Maria Bethânia,Tom Jobim,Elis Regina,Lenine,Hits - Antigos, mas nem tanto,Romântico,Heartbreak,Rock - De Bowie ao século 21,Músicas que fizeram história,Natal"
"Wolfmother","Amazingly Awesome Alternative Top 50","Queens Of The Stone Age,White Stripes,The Smiths,The Doors,The Offspring,Muse,Led Zeppelin,The Killers,The Strokes,Arctic Monkeys,Iron Maiden,Pink Floyd,AC/DC,Nirvana,blink-182,Pearl Jam,Metallica,Foo Fighters,Los Hermanos,The Beatles,Alice In Chains,Rage Against The Machine,Audioslave,Radiohead,Incubus,Raimundos,Kings Of Leon,Queen,Rolling Stones,My Chemical Romance,Heavy Metal,Rock,Indie,Nostalgia (anos 2000),Sertanejo Hits,Vagalume Vibe"
"XTC","Top 888 of the 80's","Red Hot Chili Peppers,Avenged Sevenfold,Charlie Brown Jr,System of a Down,Nirvana,Metallica,Linkin Park,Guns N' Roses,The Beatles,Amy Winehouse,Snow Patrol,Pearl Jam,blink-182,AC/DC,Slipknot,Oasis,Aerosmith,Foo Fighters,Green Day,Capital Inicial,Bon Jovi,U2,Jack Johnson,Bullet For My Valentine,Disturbed,Papa Roach,A Day To Remember,Three Days Grace,Iron Maiden,My Chemical Romance,Power Pop,Natal,Indie,Breeze,Retrospectiva 2016,Festa de Ano Novo"
"Xylos","Top 100 Bands Of 2012",""
"Yuna","Top 100 Bands Of 2012","Zee Avi,Coldcut,Anal Cunt,Karina Buhr,Lykke Li,Kate Nash,Emicida,Red Hot Chili Peppers,Florence And The Machine,Criolo,Rihanna,Kamau,Rosa de Saron,Maroon 5,Belo,Nirvana,Chico Buarque,AC/DC,The Beatles,Lana Del Rey,Yuna,Jack Johnson,Priscilla Ahn,Mocca,Colbie Caillat,I Monster,Coeur de Pirate,Pete Murray,Carla Bruni,Lily Allen,R&B,Vagalume Vibe,#Deprê,Músicas para Relaxar,Rap Nacional,MTV MIAW 2018"
"Zedd","Tops","Férias,Lançamentos,Festa de Formatura,todateen,Festa de Ano Novo 2017,MTV MIAW 2018"
